id,distance,name,gender,age,status
1,4,1,0,48,1
2,6,1,0,32,1
3,19,1,0,38,1
4,18,1,1,19,1
5,19,1,0,35,1
6,22,1,0,33,1
7,18,0,0,22,0
8,4,0,0,20,0
9,11,1,0,41,0
10,33,1,0,31,1
11,17,1,0,24,1
12,32,1,0,33,1
13,31,1,0,60,1
14,9,0,0,46,0
15,15,1,0,21,1
16,29,1,0,43,1
17,21,1,1,26,1
18,32,1,0,44,1
19,19,1,1,28,1
20,6,1,0,59,1
21,13,0,0,32,1
22,31,1,1,47,1
23,15,1,0,34,1
24,25,1,1,46,1
25,5,1,0,52,1
26,9,1,1,32,1
27,24,1,0,36,1
28,14,1,0,43,1
29,28,1,0,36,1
30,15,1,1,57,1
31,24,1,0,33,1
32,17,1,1,46,1
33,27,1,0,57,1
34,45,1,0,31,0
35,19,1,0,27,1
36,43,0,0,26,0
37,20,1,0,29,1
38,25,1,0,47,1
39,29,1,0,37,1
40,13,1,1,32,1
41,11,1,0,35,1
42,16,1,1,42,1
43,29,0,1,49,0
44,7,1,1,46,1
45,4,0,1,35,0
46,12,1,0,53,1
47,7,1,0,45,1
48,49,1,0,25,0
49,17,1,0,52,1
50,15,1,1,34,1
51,4,1,1,35,1
52,9,1,0,35,1
53,33,1,0,34,1
54,4,0,1,53,0
55,8,1,0,49,1
56,8,1,0,34,1
57,14,0,0,36,1
58,47,0,1,34,0
59,13,1,1,37,1
60,13,1,0,21,1
61,10,1,0,37,1
62,4,1,0,43,1
63,17,1,1,23,1
64,11,0,0,49,0
65,26,1,1,30,1
66,38,0,0,26,0
67,28,1,0,53,1
68,5,1,0,40,1
69,4,0,1,54,0
70,19,1,0,19,1
71,13,1,1,25,1
72,21,1,0,47,1
73,4,0,1,39,0
74,25,0,0,57,0
75,12,0,0,45,1
76,8,1,0,29,1
77,5,1,1,34,1
78,27,1,0,23,1
79,13,1,1,24,1
80,25,1,0,20,1
81,8,1,1,45,1
82,13,0,0,27,0
83,29,1,1,43,1
84,46,1,1,43,0
85,33,1,1,22,1
86,32,0,1,26,0
87,8,1,1,36,1
88,10,1,1,46,1
89,13,1,1,41,1
90,13,0,0,52,0
91,44,0,0,53,0
92,25,1,0,57,1
93,13,1,0,29,1
94,38,0,0,36,0
95,15,1,1,35,1
96,26,1,1,34,1
97,42,0,0,31,0
98,18,0,1,37,0
99,6,1,1,59,1
100,26,0,1,56,1
101,13,1,1,57,1
102,20,1,1,54,1
103,27,1,1,32,1
104,10,1,1,37,1
105,8,1,0,34,1
106,6,1,1,29,1
107,7,0,0,46,0
108,9,1,1,42,1
109,32,1,0,53,1
110,29,1,0,42,1
111,4,0,0,21,0
112,22,1,0,41,1
113,31,0,0,26,0
114,26,1,1,37,1
115,13,1,1,47,1
116,4,0,1,35,0
117,25,1,1,38,1
118,18,0,0,51,1
119,20,1,1,27,1
120,7,1,0,29,1
121,7,1,0,51,1
122,52,0,0,55,0
123,22,1,0,38,1
124,22,1,1,25,1
125,25,1,0,42,1
126,38,0,1,49,0
127,31,0,1,42,0
128,4,0,0,34,0
129,10,1,1,60,1
130,30,1,1,27,0
131,29,1,0,37,1
132,14,1,0,53,1
133,49,0,1,18,0
134,23,1,0,54,1
135,14,1,0,34,1
136,10,1,0,23,1
137,8,1,0,44,1
138,32,1,1,41,1
139,19,1,0,52,1
140,41,0,0,19,0
141,4,0,0,36,0
142,4,0,0,50,0
143,9,1,1,30,1
144,23,1,0,56,1
145,17,1,0,32,1
146,15,1,0,43,1
147,12,1,0,42,1
148,20,1,0,52,1
149,8,1,0,46,1
150,13,0,1,51,0
151,28,1,1,39,1
152,14,1,1,52,1
153,4,0,1,31,0
154,18,1,0,18,1
155,32,1,0,52,1
156,39,0,0,42,0
157,22,1,0,19,1
158,20,1,1,56,1
159,31,0,0,57,1
160,28,1,0,38,1
161,27,1,0,22,1
162,26,1,0,34,1
163,25,1,0,45,1
164,24,1,0,44,1
165,36,1,1,52,0
166,4,1,1,59,1
167,25,0,0,27,1
168,21,1,0,59,1
169,41,1,0,39,0
170,24,1,1,52,1
171,19,1,1,35,1
172,17,1,0,39,1
173,22,1,1,43,1
174,21,1,0,59,1
175,23,1,1,52,1
176,15,1,0,24,1
177,19,1,1,40,1
178,16,1,0,34,1
179,6,1,0,48,0
180,11,1,1,25,1
181,19,1,1,41,1
182,27,1,0,45,1
183,6,1,0,43,1
184,42,1,1,44,0
185,39,1,0,53,0
186,21,1,0,48,1
187,11,0,0,50,0
188,4,0,1,53,0
189,4,0,1,35,0
190,6,1,1,44,1
191,26,1,0,48,1
192,28,1,0,57,1
193,22,1,0,37,1
194,7,1,0,46,1
195,24,1,0,22,1
196,51,0,0,41,0
197,50,0,0,53,0
198,15,0,1,44,0
199,14,1,1,48,1
200,24,1,0,52,1
201,9,1,1,19,1
202,17,1,0,37,1
203,19,0,0,26,1
204,17,0,1,35,1
205,4,0,0,51,0
206,15,1,1,31,1
207,21,1,1,53,1
208,22,1,0,56,1
209,22,1,0,35,1
210,17,1,1,23,1
211,12,1,1,60,1
212,30,1,1,46,1
213,5,1,1,42,1
214,23,1,1,43,1
215,39,0,1,31,0
216,14,1,1,44,1
217,27,1,0,36,1
218,7,1,1,22,1
219,15,1,0,31,0
220,27,1,0,21,1
221,18,0,1,57,0
222,13,0,1,24,1
223,10,1,1,24,1
224,20,1,0,47,1
225,25,1,0,48,1
226,25,1,0,23,1
227,14,1,1,40,1
228,21,1,0,42,1
229,22,1,0,36,1
230,31,0,1,22,1
231,29,0,0,34,0
232,15,1,0,28,1
233,49,0,1,23,0
234,32,1,1,48,1
235,32,0,1,57,1
236,8,0,1,41,1
237,15,1,0,57,1
238,30,1,0,36,1
239,27,0,0,59,1
240,30,0,1,40,0
241,19,1,1,41,1
242,5,1,0,31,1
243,21,1,1,48,1
244,21,1,0,58,1
245,23,0,0,48,0
246,21,1,0,59,1
247,5,1,0,55,1
248,18,0,1,45,1
249,16,1,1,23,1
250,32,1,1,39,1
251,21,1,0,56,1
252,13,1,0,49,1
253,13,1,0,55,1
254,16,1,0,23,1
255,12,1,0,55,1
256,33,1,0,48,1
257,4,1,1,22,0
258,5,1,1,52,1
259,45,0,1,57,0
260,5,1,0,22,1
261,22,1,1,55,1
262,6,1,1,33,1
263,32,1,0,34,1
264,9,1,0,59,1
265,6,1,0,19,1
266,29,1,0,35,1
267,33,1,1,60,1
268,4,0,0,57,0
269,15,1,1,25,1
270,5,1,0,24,1
271,4,0,0,52,0
272,31,1,1,47,1
273,18,1,0,39,1
274,13,1,1,31,1
275,18,0,0,58,1
276,13,0,0,26,0
277,27,1,1,58,1
278,4,0,1,31,0
279,29,1,0,55,1
280,7,1,0,53,1
281,6,1,1,34,1
282,20,1,0,26,1
283,30,1,0,35,1
284,27,0,0,36,0
285,28,1,0,42,1
286,6,1,1,35,1
287,28,1,1,42,1
288,19,0,0,38,0
289,28,1,0,52,1
290,32,1,1,48,1
291,10,1,1,59,1
292,30,1,1,22,1
293,12,1,0,54,1
294,24,1,0,59,1
295,7,0,1,43,0
296,32,1,1,30,1
297,41,0,0,21,0
298,21,1,1,57,1
299,4,0,0,38,0
300,25,0,1,56,0
301,4,0,0,57,0
302,31,1,0,45,1
303,32,1,0,43,1
304,4,1,1,55,0
305,33,1,0,18,1
306,21,1,0,42,1
307,24,1,0,57,1
308,24,1,0,29,1
309,26,1,0,43,1
310,36,0,0,30,0
311,12,0,0,47,1
312,13,1,0,38,1
313,33,1,1,58,1
314,8,1,0,52,1
315,16,1,0,25,1
316,26,1,0,32,1
317,28,1,0,33,1
318,23,1,0,26,1
319,27,1,0,54,1
320,4,1,0,51,1
321,31,1,1,20,1
322,45,1,0,18,0
323,20,1,0,50,1
324,35,0,0,35,0
325,31,1,1,23,1
326,5,1,1,33,1
327,18,1,1,26,1
328,4,0,1,26,0
329,34,0,1,45,0
330,33,1,1,43,1
331,7,1,1,35,1
332,18,1,0,42,1
333,17,1,0,21,1
334,28,1,0,41,1
335,34,0,0,30,0
336,7,1,0,35,1
337,22,1,0,44,1
338,8,1,0,51,1
339,27,1,0,20,1
340,41,1,0,22,0
341,16,0,0,32,0
342,7,1,1,24,1
343,15,1,0,58,1
344,20,1,0,59,1
345,51,0,0,54,0
346,4,0,0,35,1
347,52,0,1,38,0
348,8,1,0,45,1
349,33,1,1,60,1
350,18,1,0,41,1
351,17,1,1,33,1
352,7,1,1,50,1
353,26,1,0,22,1
354,4,0,1,35,0
355,13,1,0,47,1
356,22,1,0,30,1
357,6,1,0,40,1
358,38,0,0,26,0
359,6,1,1,32,1
360,12,1,1,28,1
361,17,1,0,34,1
362,17,1,1,60,1
363,12,1,0,23,1
364,15,1,0,36,1
365,37,1,1,39,0
366,18,1,0,45,1
367,30,1,0,54,1
368,21,1,1,45,1
369,18,1,1,35,1
370,17,1,0,44,1
371,28,1,0,51,1
372,20,1,0,41,1
373,28,1,1,24,1
374,32,1,0,30,1
375,29,1,0,37,1
376,21,1,1,58,1
377,17,1,1,58,1
378,14,0,1,32,0
379,22,1,0,58,1
380,30,1,1,33,1
381,32,1,0,32,1
382,30,1,0,55,1
383,22,1,0,26,1
384,13,0,0,28,1
385,33,1,0,55,1
386,9,1,0,57,1
387,9,0,0,43,0
388,24,0,1,33,1
389,30,1,0,60,1
390,31,0,0,29,1
391,25,1,0,60,1
392,23,1,1,22,1
393,17,1,0,47,1
394,4,0,1,54,0
395,10,1,0,22,1
396,26,1,1,30,1
397,29,1,1,49,1
398,14,1,1,41,1
399,22,1,1,48,1
400,26,0,0,28,1
401,10,0,0,59,0
402,19,0,1,35,1
403,42,1,1,57,0
404,23,1,0,27,1
405,24,1,0,44,1
406,29,1,0,18,1
407,25,1,0,28,1
408,12,1,0,58,1
409,32,0,0,32,0
410,27,1,0,59,1
411,16,1,1,43,1
412,4,0,0,33,0
413,28,1,0,27,1
414,16,1,0,18,1
415,5,1,0,41,1
416,23,1,1,30,1
417,23,1,1,28,1
418,18,1,0,49,1
419,4,0,1,26,0
420,22,1,1,42,1
421,20,0,1,25,0
422,41,1,1,30,0
423,33,1,0,29,1
424,27,0,0,19,1
425,26,1,0,31,1
426,21,1,0,19,1
427,22,1,1,56,1
428,16,1,0,32,1
429,4,0,0,21,0
430,31,1,1,55,1
431,21,1,0,39,1
432,7,1,0,22,1
433,14,1,0,53,0
434,33,1,1,28,1
435,15,0,0,29,0
436,18,1,0,49,1
437,23,1,1,41,1
438,29,1,0,52,1
439,9,1,1,54,1
440,25,1,0,59,1
441,19,1,1,28,1
442,8,1,1,57,1
443,4,1,1,55,1
444,4,1,1,42,1
445,33,1,0,37,1
446,51,0,0,33,0
447,28,1,0,41,1
448,28,1,0,60,1
449,30,1,1,35,1
450,14,1,0,37,1
451,15,1,0,52,1
452,4,0,0,42,0
453,17,1,0,59,1
454,14,1,0,28,1
455,5,1,1,52,1
456,53,1,1,55,0
457,19,1,0,39,1
458,27,1,0,49,1
459,9,1,0,34,1
460,4,1,0,44,0
461,9,1,0,53,1
462,26,1,0,31,1
463,12,1,1,25,1
464,31,1,0,19,1
465,29,1,0,51,0
466,22,1,0,34,1
467,29,0,0,32,1
468,51,0,1,26,0
469,30,0,1,49,0
470,27,1,0,39,1
471,12,1,0,58,1
472,7,1,0,45,1
473,10,1,0,25,1
474,13,1,0,33,1
475,22,0,0,59,1
476,18,1,0,40,1
477,33,1,0,32,1
478,23,1,0,23,1
479,4,0,1,38,0
480,7,1,0,38,1
481,36,1,0,43,0
482,27,1,0,40,1
483,12,1,0,23,1
484,16,1,0,31,1
485,5,1,1,42,1
486,30,1,1,52,1
487,17,1,1,37,1
488,4,0,1,18,0
489,18,1,0,20,1
490,20,1,0,19,1
491,29,1,0,28,1
492,20,1,0,45,1
493,29,1,0,45,1
494,21,1,1,33,1
495,4,0,1,25,0
496,4,1,1,20,0
497,16,1,0,55,1
498,29,1,0,45,1
499,5,1,1,35,1
500,4,0,0,53,0
501,22,1,0,19,1
502,33,1,1,18,1
503,7,1,0,21,1
504,24,1,0,29,1
505,29,1,0,23,1
506,33,1,1,48,1
507,33,0,0,36,1
508,7,1,0,25,1
509,16,0,1,26,1
510,31,0,1,28,1
511,16,1,0,21,1
512,26,1,0,30,1
513,27,0,1,52,1
514,14,1,0,58,1
515,22,1,0,41,1
516,4,0,1,54,0
517,4,1,1,43,0
518,16,1,1,18,1
519,27,1,0,32,1
520,9,1,0,54,1
521,24,1,1,55,1
522,5,1,0,43,1
523,17,1,1,45,1
524,46,0,1,30,0
525,13,1,1,36,1
526,6,0,1,60,1
527,18,1,0,57,1
528,29,1,1,53,1
529,18,1,0,26,1
530,12,1,1,33,1
531,29,0,0,51,0
532,23,0,0,19,0
533,13,1,1,46,1
534,16,1,0,22,1
535,48,0,0,55,0
536,10,1,0,39,1
537,28,1,1,30,1
538,14,1,1,35,1
539,6,1,0,22,1
540,12,1,1,55,1
541,23,1,1,29,1
542,27,1,1,18,1
543,4,0,0,27,0
544,24,1,0,54,1
545,18,1,1,23,1
546,19,1,0,24,1
547,13,0,1,39,0
548,23,0,1,35,0
549,30,1,0,37,1
550,10,1,0,34,1
551,33,1,1,54,1
552,18,1,0,36,1
553,41,0,1,45,0
554,11,1,0,48,1
555,19,0,0,31,1
556,34,0,0,56,0
557,31,1,0,31,1
558,28,1,0,49,1
559,4,0,1,46,0
560,7,1,0,30,1
561,19,1,1,35,1
562,4,0,1,35,0
563,14,1,1,34,1
564,10,1,0,39,1
565,16,1,0,49,1
566,32,0,0,38,0
567,23,1,0,27,1
568,14,1,0,59,1
569,7,1,1,55,1
570,4,0,0,24,0
571,27,1,0,24,1
572,24,0,0,42,0
573,27,1,0,53,1
574,29,1,1,37,1
575,8,1,0,50,1
576,33,1,1,31,1
577,26,1,0,22,1
578,27,1,0,28,1
579,46,1,1,22,0
580,29,1,0,52,1
581,10,0,0,27,0
582,4,1,1,59,0
583,20,1,0,30,1
584,22,1,0,26,1
585,16,1,0,52,1
586,9,1,0,44,1
587,23,1,0,47,1
588,39,0,0,51,0
589,19,1,0,54,1
590,15,1,0,57,1
591,50,0,0,38,0
592,9,0,1,42,0
593,14,1,0,20,1
594,18,1,0,40,1
595,7,0,0,43,0
596,4,1,1,49,1
597,25,1,0,23,1
598,5,1,0,26,1
599,7,1,1,59,1
600,17,1,0,26,1
601,5,1,0,22,1
602,19,1,0,29,1
603,47,0,1,33,0
604,10,1,0,39,1
605,43,0,0,41,0
606,24,1,1,47,1
607,10,1,0,48,0
608,22,1,1,45,1
609,7,1,1,30,1
610,22,1,0,36,1
611,17,1,1,24,1
612,5,1,0,55,1
613,11,1,0,31,1
614,30,1,0,57,1
615,6,1,0,38,1
616,22,0,0,25,1
617,30,1,0,51,1
618,4,1,0,52,0
619,24,1,0,36,1
620,15,0,0,48,0
621,26,0,1,39,0
622,21,1,0,31,1
623,9,1,0,36,1
624,4,1,0,28,0
625,24,1,1,38,1
626,18,1,0,52,1
627,50,0,0,22,0
628,19,1,0,47,1
629,10,1,1,38,1
630,5,1,0,27,1
631,25,1,1,45,1
632,21,1,1,21,1
633,4,0,1,46,0
634,16,1,0,28,1
635,4,0,0,57,1
636,32,1,0,53,1
637,14,1,1,24,1
638,21,1,0,39,1
639,29,1,1,45,1
640,21,1,0,52,1
641,10,1,0,30,1
642,31,1,0,50,1
643,27,1,0,26,1
644,8,0,1,38,0
645,31,0,0,57,0
646,34,0,1,27,0
647,20,1,1,47,1
648,41,1,0,33,0
649,18,0,0,35,0
650,10,1,0,18,1
651,13,1,0,21,1
652,30,1,0,58,1
653,19,1,0,35,1
654,4,1,0,50,1
655,25,1,0,26,1
656,20,1,1,45,1
657,52,0,0,51,0
658,27,1,1,44,1
659,33,1,0,38,1
660,18,1,1,53,0
661,23,0,0,40,0
662,10,1,0,28,1
663,24,1,0,43,1
664,19,1,0,22,1
665,16,1,1,29,1
666,33,1,0,47,1
667,47,1,0,21,0
668,4,1,1,45,0
669,4,1,1,28,0
670,5,1,1,31,1
671,4,0,1,29,0
672,32,1,1,37,1
673,19,1,1,51,1
674,6,1,1,58,1
675,17,1,1,20,1
676,27,1,1,37,1
677,30,1,1,28,1
678,24,1,1,43,1
679,33,1,1,56,1
680,15,1,0,28,1
681,6,1,0,47,1
682,29,1,1,18,1
683,23,1,0,26,1
684,33,1,0,31,1
685,29,1,0,37,1
686,4,0,1,31,1
687,33,1,1,51,1
688,18,1,0,44,1
689,20,1,0,22,1
690,5,0,1,45,0
691,4,1,0,35,1
692,14,1,0,27,1
693,13,1,1,47,1
694,14,1,0,54,1
695,8,0,0,28,0
696,7,1,0,29,1
697,18,1,0,37,1
698,20,1,0,37,1
699,23,1,1,36,0
700,8,1,1,32,1
701,29,1,0,37,1
702,32,1,1,33,1
703,9,0,0,34,1
704,11,1,0,45,1
705,27,1,0,18,1
706,31,1,1,45,1
707,7,1,0,33,1
708,24,1,0,59,1
709,33,1,0,32,1
710,4,0,1,51,0
711,26,1,1,26,1
712,19,1,0,52,1
713,6,1,1,49,1
714,7,1,0,19,1
715,23,1,0,37,1
716,33,1,0,44,1
717,30,1,0,32,1
718,12,1,1,38,1
719,31,1,0,39,1
720,29,0,0,36,0
721,14,1,1,27,1
722,20,1,1,25,0
723,18,1,0,49,1
724,15,1,0,21,1
725,15,1,1,52,1
726,15,1,1,52,1
727,23,1,0,51,1
728,19,1,0,58,1
729,10,1,0,47,1
730,26,1,1,59,1
731,31,1,0,22,1
732,21,1,0,20,1
733,32,1,0,52,1
734,5,1,1,22,1
735,7,1,1,56,1
736,10,1,0,53,1
737,30,1,0,34,1
738,6,1,0,55,1
739,24,1,0,45,1
740,8,1,0,24,1
741,4,1,0,54,1
742,9,1,1,60,1
743,20,1,0,39,1
744,24,1,1,36,1
745,18,1,1,58,1
746,5,1,0,26,1
747,5,0,0,24,0
748,31,1,1,29,1
749,4,0,1,30,0
750,21,1,1,51,1
751,6,0,0,30,1
752,9,1,1,56,1
753,28,1,0,25,1
754,12,0,1,44,0
755,41,1,1,34,0
756,19,0,0,34,0
757,11,1,0,28,1
758,31,1,0,46,1
759,47,1,0,55,0
760,32,1,0,29,1
761,6,1,0,48,1
762,53,1,0,57,0
763,43,1,0,38,0
764,4,0,0,36,0
765,21,1,0,30,1
766,11,1,0,53,1
767,19,1,0,35,1
768,27,1,0,33,1
769,30,1,1,37,1
770,17,1,0,50,0
771,4,1,0,30,1
772,8,1,0,56,1
773,26,1,0,36,1
774,5,1,0,43,1
775,29,0,0,39,0
776,21,1,0,39,1
777,12,1,0,42,1
778,13,1,0,26,1
779,16,0,0,57,0
780,26,1,0,26,1
781,52,1,1,44,0
782,18,1,1,40,1
783,32,1,1,26,1
784,10,0,1,57,0
785,5,1,1,37,1
786,7,1,0,38,1
787,14,1,0,47,1
788,29,1,0,57,1
789,49,1,1,26,0
790,27,1,0,45,1
791,29,1,0,50,1
792,27,1,0,36,1
793,23,1,0,23,1
794,8,1,0,22,1
795,34,1,1,18,0
796,28,1,0,48,1
797,7,1,1,53,1
798,14,0,1,42,0
799,7,1,0,44,1
800,15,1,0,52,1
801,24,1,0,58,1
802,24,1,0,33,1
803,19,1,0,24,1
804,20,1,0,57,1
805,32,1,0,59,1
806,22,1,0,24,1
807,36,0,1,54,0
808,36,0,1,53,0
809,19,1,0,31,1
810,25,1,0,35,1
811,7,1,0,51,1
812,8,1,1,58,1
813,27,1,1,53,1
814,13,0,1,53,0
815,25,0,1,24,0
816,12,0,1,19,1
817,19,1,0,26,1
818,18,1,0,26,1
819,17,1,0,55,1
820,18,1,0,38,1
821,26,1,0,27,1
822,28,1,1,47,1
823,26,1,0,44,1
824,6,1,0,43,1
825,16,1,0,30,1
826,26,1,1,42,1
827,19,1,0,31,1
828,7,1,1,56,1
829,26,1,0,32,1
830,4,1,1,32,1
831,16,1,0,33,0
832,25,1,0,56,1
833,13,1,1,28,1
834,20,1,1,58,1
835,21,1,0,22,1
836,20,1,0,23,1
837,7,0,0,36,0
838,18,1,0,43,1
839,19,1,1,45,1
840,19,1,0,43,1
841,9,1,1,34,1
842,9,1,1,24,1
843,8,0,1,31,0
844,10,1,0,25,1
845,26,1,1,52,1
846,4,0,0,55,0
847,4,1,1,58,0
848,15,1,0,34,1
849,22,0,0,49,1
850,21,1,0,49,1
851,31,1,0,58,1
852,12,0,1,27,0
853,35,0,1,23,0
854,38,0,0,54,0
855,12,1,0,23,1
856,10,1,0,51,1
857,4,0,1,31,0
858,10,0,1,57,0
859,23,0,0,40,0
860,11,1,0,35,1
861,27,1,1,19,1
862,11,1,0,38,1
863,13,1,0,49,1
864,18,0,1,41,0
865,13,1,0,20,1
866,38,0,1,34,0
867,9,1,0,18,1
868,23,1,0,26,1
869,5,0,1,46,0
870,6,1,0,49,1
871,17,1,0,21,1
872,13,1,0,38,1
873,31,1,1,44,1
874,46,0,0,20,0
875,4,1,0,23,1
876,25,0,0,24,1
877,12,1,0,31,1
878,21,1,1,43,1
879,10,0,1,39,0
880,24,1,1,57,1
881,15,1,0,30,1
882,28,1,0,54,1
883,26,1,1,45,1
884,4,1,0,38,0
885,17,0,0,56,0
886,20,1,0,54,1
887,6,1,0,28,1
888,28,0,1,22,1
889,10,1,0,35,1
890,24,1,1,21,1
891,49,0,0,58,0
892,17,1,1,46,1
893,25,1,0,26,1
894,23,1,0,31,1
895,11,1,1,35,1
896,32,1,0,21,1
897,29,1,1,27,1
898,18,1,0,57,1
899,52,0,0,54,0
900,16,0,0,34,1
901,18,1,0,45,1
902,14,1,0,58,1
903,14,1,0,34,1
904,19,1,0,59,1
905,28,1,0,20,1
906,4,0,0,60,0
907,16,1,0,45,1
908,32,1,1,53,1
909,16,1,0,53,1
910,22,1,1,26,1
911,15,0,1,36,1
912,30,1,0,54,1
913,19,1,1,24,1
914,11,1,0,23,1
915,13,1,0,51,1
916,34,0,0,47,0
917,44,0,0,21,0
918,47,1,0,59,0
919,21,0,0,31,1
920,25,1,0,33,1
921,31,1,1,41,1
922,4,1,0,20,1
923,4,1,0,53,0
924,31,1,0,30,1
925,25,1,1,58,1
926,7,0,0,21,0
927,12,1,1,33,1
928,14,1,1,56,1
929,21,0,0,59,0
930,31,1,1,59,1
931,11,1,1,24,1
932,28,1,1,41,1
933,10,1,0,57,1
934,8,1,0,22,1
935,12,1,1,23,1
936,18,1,0,60,1
937,8,1,0,43,1
938,10,1,1,56,0
939,4,1,0,60,0
940,6,0,1,51,1
941,19,1,0,35,1
942,32,1,0,37,1
943,25,0,0,50,0
944,42,0,1,24,0
945,31,1,0,54,1
946,11,0,0,60,1
947,27,1,0,53,1
948,4,1,1,43,1
949,49,0,0,35,0
950,29,1,0,19,1
951,28,1,0,34,1
952,12,1,1,43,1
953,16,1,0,29,1
954,29,0,0,22,0
955,26,1,0,40,1
956,16,1,1,30,1
957,24,1,1,33,1
958,47,0,1,21,0
959,21,1,0,44,1
960,19,1,1,27,1
961,30,1,1,29,1
962,21,1,0,38,1
963,8,1,0,46,1
964,18,1,1,45,1
965,4,1,1,28,1
966,29,1,0,57,1
967,29,1,0,39,1
968,9,1,0,52,1
969,33,1,1,54,1
970,49,0,0,26,0
971,11,1,0,33,1
972,31,1,0,51,1
973,4,1,0,59,1
974,16,1,1,54,1
975,44,1,0,55,0
976,29,1,0,50,1
977,4,0,0,48,1
978,31,1,0,59,1
979,26,1,0,41,1
980,44,0,1,45,0
981,6,1,0,36,1
982,32,1,0,57,1
983,16,1,1,53,1
984,4,0,0,29,0
985,4,0,0,49,0
986,7,1,0,24,1
987,4,1,0,55,0
988,33,1,1,42,1
989,4,1,0,55,1
990,24,1,0,21,1
991,14,0,1,42,0
992,21,1,0,21,1
993,33,1,1,39,1
994,17,1,0,28,1
995,13,1,0,31,1
996,4,0,0,24,0
997,31,1,1,43,1
998,22,0,0,32,1
999,7,1,0,26,1
1000,32,1,0,20,1
1001,27,1,0,45,1
1002,32,1,1,27,1
1003,4,0,0,33,0
1004,29,1,1,31,1
1005,27,1,0,56,1
1006,32,1,0,22,1
1007,4,1,0,58,1
1008,11,1,0,37,1
1009,13,1,0,42,1
1010,12,1,0,30,1
1011,40,0,1,28,0
1012,23,1,0,54,1
1013,20,1,1,49,1
1014,8,1,0,22,1
1015,27,0,1,20,1
1016,9,1,0,33,1
1017,29,1,0,22,1
1018,4,0,1,32,0
1019,9,1,1,48,1
1020,5,1,0,47,1
1021,22,1,1,55,1
1022,23,1,0,18,1
1023,20,1,0,27,1
1024,31,1,1,48,1
1025,20,1,0,29,1
1026,16,1,0,45,1
1027,21,1,0,30,1
1028,11,1,0,59,1
1029,19,1,1,28,1
1030,31,1,0,27,1
1031,30,1,1,25,1
1032,7,1,0,27,1
1033,10,1,1,23,1
1034,17,1,1,56,1
1035,28,1,1,51,1
1036,4,1,0,41,1
1037,14,1,0,43,1
1038,18,1,0,19,1
1039,15,1,0,28,1
1040,13,1,0,41,1
1041,29,1,1,58,1
1042,4,1,0,49,1
1043,12,1,0,55,1
1044,19,1,0,41,1
1045,27,1,1,26,1
1046,14,1,0,34,1
1047,21,1,0,48,1
1048,4,0,0,57,0
1049,19,1,1,21,1
1050,26,1,0,58,1
1051,10,1,1,52,1
1052,27,0,0,57,0
1053,15,1,0,45,1
1054,33,1,0,53,1
1055,7,1,1,55,1
1056,27,0,1,22,1
1057,23,1,0,49,1
1058,29,0,0,42,0
1059,33,1,0,38,1
1060,18,1,1,38,1
1061,38,0,0,28,0
1062,5,1,0,35,1
1063,31,1,0,18,1
1064,23,1,0,24,1
1065,32,0,1,51,0
1066,13,1,0,55,1
1067,25,1,1,45,1
1068,12,0,0,37,1
1069,23,1,0,46,1
1070,20,1,1,40,1
1071,10,1,0,21,1
1072,8,1,0,34,1
1073,32,1,0,23,1
1074,32,1,1,42,1
1075,24,1,0,49,1
1076,5,1,1,49,1
1077,53,0,0,40,0
1078,4,1,0,23,1
1079,33,0,0,55,1
1080,17,1,0,53,1
1081,10,0,0,54,0
1082,14,1,0,41,1
1083,33,0,1,58,0
1084,23,1,1,42,1
1085,40,0,1,33,0
1086,34,0,0,47,0
1087,16,1,1,19,1
1088,11,1,1,49,1
1089,27,1,0,52,1
1090,13,0,0,44,0
1091,23,1,0,28,1
1092,9,1,0,58,1
1093,29,1,0,25,1
1094,12,1,0,56,1
1095,26,1,0,29,1
1096,21,1,0,56,1
1097,19,1,0,27,1
1098,29,1,1,49,1
1099,17,1,1,31,1
1100,29,1,0,26,1
1101,17,1,0,18,1
1102,30,1,0,56,0
1103,53,0,1,48,0
1104,13,0,0,30,0
1105,7,1,1,57,1
1106,30,1,0,22,1
1107,26,1,0,23,0
1108,11,1,1,39,1
1109,20,1,0,19,1
1110,26,1,1,42,1
1111,14,1,0,50,1
1112,7,1,1,46,1
1113,20,1,0,19,1
1114,28,1,0,31,1
1115,4,1,0,29,0
1116,29,1,1,31,1
1117,23,1,0,42,1
1118,4,1,1,33,1
1119,25,1,0,39,1
1120,26,1,1,43,1
1121,11,1,0,59,1
1122,28,1,1,41,1
1123,14,1,0,24,1
1124,42,0,1,58,0
1125,5,0,0,57,1
1126,4,0,1,29,1
1127,26,1,1,27,1
1128,16,1,0,60,1
1129,9,1,0,38,1
1130,20,1,0,37,1
1131,4,1,1,22,1
1132,26,0,0,51,1
1133,8,1,1,36,1
1134,34,1,0,29,0
1135,22,1,0,42,1
1136,4,0,0,54,0
1137,19,1,1,25,1
1138,19,1,1,18,1
1139,28,0,1,39,0
1140,32,1,0,48,1
1141,4,1,0,53,1
1142,11,1,0,34,1
1143,5,1,1,36,0
1144,20,0,0,23,0
1145,19,1,1,24,1
1146,12,1,1,48,1
1147,12,1,0,54,1
1148,4,0,0,24,1
1149,28,1,0,50,1
1150,21,1,1,56,1
1151,20,1,1,52,1
1152,13,1,0,45,1
1153,19,1,0,22,1
1154,19,1,0,59,1
1155,4,0,0,31,0
1156,24,1,0,33,1
1157,12,1,1,19,1
1158,26,1,0,39,1
1159,6,1,0,52,1
1160,4,0,0,43,0
1161,4,1,0,35,1
1162,13,1,1,25,1
1163,12,1,1,56,1
1164,24,1,1,56,1
1165,13,1,1,32,1
1166,9,1,0,42,1
1167,11,0,1,55,0
1168,48,1,0,26,0
1169,10,1,0,19,1
1170,18,0,1,28,1
1171,10,0,1,48,0
1172,20,1,0,60,1
1173,29,1,0,60,1
1174,28,1,0,41,1
1175,8,1,0,59,1
1176,30,1,0,32,1
1177,12,1,0,22,1
1178,51,1,0,33,0
1179,30,0,1,47,0
1180,9,0,1,33,0
1181,26,1,0,26,1
1182,7,1,0,39,1
1183,9,1,1,50,1
1184,9,1,1,24,1
1185,15,1,0,43,1
1186,28,1,1,28,1
1187,7,1,0,47,1
1188,4,0,0,32,0
1189,36,0,0,19,0
1190,17,1,1,55,1
1191,22,1,0,49,1
1192,17,1,0,28,1
1193,4,1,0,36,1
1194,25,1,0,29,1
1195,22,1,0,26,1
1196,28,1,1,27,1
1197,31,1,0,47,1
1198,6,1,0,34,1
1199,4,0,1,32,0
1200,21,1,0,52,1
1201,25,1,1,19,1
1202,17,1,1,24,1
1203,19,1,1,39,1
1204,5,1,0,56,1
1205,18,1,1,23,1
1206,4,0,0,38,0
1207,20,1,0,47,0
1208,7,1,0,49,1
1209,31,1,0,21,1
1210,28,1,1,23,1
1211,4,1,0,42,0
1212,8,1,1,50,1
1213,4,0,1,24,0
1214,4,1,1,50,0
1215,37,0,0,38,0
1216,25,1,0,49,1
1217,22,1,0,53,1
1218,4,0,0,48,0
1219,4,0,0,53,0
1220,13,1,0,49,1
1221,4,0,0,24,0
1222,7,1,1,27,1
1223,31,1,0,23,1
1224,22,1,0,48,1
1225,17,1,0,40,1
1226,31,1,1,37,1
1227,31,1,1,31,1
1228,4,0,0,42,0
1229,32,1,0,31,1
1230,25,1,0,32,1
1231,30,1,1,26,1
1232,8,1,0,30,1
1233,7,1,0,52,1
1234,6,1,0,48,1
1235,26,1,0,36,1
1236,27,1,1,35,1
1237,12,1,0,31,1
1238,15,1,1,30,1
1239,15,1,0,53,1
1240,39,1,0,56,0
1241,32,0,0,46,0
1242,12,1,0,42,1
1243,14,1,1,48,1
1244,50,0,1,24,0
1245,29,1,1,24,1
1246,13,1,0,59,1
1247,18,1,0,34,1
1248,16,0,1,24,0
1249,11,1,0,51,1
1250,29,1,0,23,1
1251,49,0,0,48,0
1252,29,1,0,42,1
1253,23,1,0,27,1
1254,26,1,0,35,1
1255,5,0,1,18,0
1256,4,0,1,21,0
1257,14,1,0,36,1
1258,33,1,0,39,1
1259,4,0,0,55,0
1260,25,1,0,50,1
1261,12,1,0,35,1
1262,13,1,0,43,1
1263,29,0,1,37,0
1264,32,1,1,48,1
1265,26,1,0,46,1
1266,18,1,1,22,1
1267,8,1,0,49,1
1268,20,1,1,43,1
1269,4,1,0,60,1
1270,11,1,1,37,1
1271,32,1,1,28,1
1272,24,1,0,59,1
1273,10,1,1,20,1
1274,27,1,0,39,1
1275,9,1,0,21,1
1276,27,1,0,29,1
1277,20,1,0,48,1
1278,18,1,0,54,1
1279,50,0,1,46,0
1280,32,1,1,51,1
1281,24,1,1,59,1
1282,14,1,0,33,1
1283,20,1,1,60,1
1284,27,1,0,59,1
1285,16,0,0,57,0
1286,20,1,1,59,1
1287,13,1,0,35,0
1288,43,0,0,21,0
1289,20,1,0,20,1
1290,18,1,1,51,1
1291,30,1,0,41,1
1292,27,1,1,34,1
1293,19,1,0,27,1
1294,27,1,1,45,1
1295,8,1,1,33,1
1296,4,1,0,57,0
1297,13,1,0,52,1
1298,12,1,0,44,1
1299,4,1,0,51,1
1300,42,0,0,44,0
1301,22,1,1,34,1
1302,4,0,1,46,0
1303,19,1,1,45,1
1304,26,1,0,60,1
1305,8,1,1,53,1
1306,22,1,0,56,1
1307,38,0,1,39,0
1308,35,0,0,45,0
1309,29,1,0,20,1
1310,4,0,0,37,0
1311,16,0,0,55,0
1312,23,1,0,23,1
1313,5,1,1,39,1
1314,8,1,1,32,1
1315,20,1,0,33,1
1316,20,1,0,24,1
1317,48,0,0,25,0
1318,33,1,1,26,1
1319,15,1,0,38,1
1320,37,0,0,50,0
1321,25,1,0,28,1
1322,4,1,1,34,0
1323,16,1,1,59,1
1324,23,0,0,59,0
1325,10,1,1,21,1
1326,12,1,0,34,1
1327,31,1,0,29,1
1328,24,1,0,28,1
1329,20,1,0,37,1
1330,26,1,0,42,1
1331,4,0,0,42,0
1332,44,0,0,57,0
1333,5,1,1,19,1
1334,17,1,0,54,1
1335,28,1,0,50,1
1336,12,1,1,48,1
1337,10,1,1,45,0
1338,18,1,0,18,1
1339,26,0,0,42,0
1340,4,1,0,57,1
1341,48,0,1,36,0
1342,39,0,1,29,0
1343,15,1,1,54,1
1344,37,0,1,43,0
1345,15,1,0,44,1
1346,4,1,1,23,0
1347,17,1,0,29,1
1348,25,1,0,55,1
1349,11,1,0,52,1
1350,14,1,1,32,1
1351,46,0,1,57,0
1352,31,1,1,31,1
1353,48,1,1,50,0
1354,17,1,1,31,1
1355,9,1,1,20,1
1356,26,0,0,35,0
1357,12,1,0,44,1
1358,32,0,0,31,0
1359,14,0,0,40,0
1360,16,0,0,36,0
1361,24,0,1,37,0
1362,4,0,0,50,0
1363,31,1,1,35,1
1364,10,1,0,45,1
1365,4,0,0,41,0
1366,18,1,0,45,1
1367,9,0,1,59,0
1368,18,1,0,41,1
1369,30,1,1,32,1
1370,19,1,1,50,1
1371,4,1,0,22,1
1372,53,0,0,33,0
1373,17,1,1,30,1
1374,4,0,1,48,0
1375,29,0,1,52,1
1376,22,1,1,42,1
1377,41,1,1,27,0
1378,31,1,0,43,1
1379,16,1,0,50,1
1380,11,1,0,56,1
1381,15,0,0,39,1
1382,15,1,0,60,1
1383,19,1,1,52,1
1384,19,1,1,27,1
1385,23,1,1,36,1
1386,9,1,0,21,1
1387,44,0,1,38,0
1388,4,1,1,43,1
1389,23,1,1,33,1
1390,24,1,0,22,1
1391,17,1,1,53,1
1392,13,1,0,54,1
1393,8,1,1,18,1
1394,23,1,0,57,1
1395,7,1,0,24,1
1396,29,1,1,33,1
1397,16,1,0,50,1
1398,20,1,0,53,1
1399,7,0,0,26,0
1400,52,1,1,55,0
1401,7,1,0,34,1
1402,26,1,1,34,0
1403,7,0,0,49,0
1404,25,1,0,48,1
1405,30,1,0,20,0
1406,51,0,0,49,0
1407,19,1,0,52,1
1408,33,1,0,48,1
1409,50,0,0,56,0
1410,7,1,1,56,1
1411,25,1,0,47,1
1412,4,0,1,55,0
1413,20,1,1,60,1
1414,36,0,1,56,0
1415,18,1,0,32,1
1416,32,1,0,42,1
1417,32,1,0,47,1
1418,13,1,0,33,1
1419,30,1,1,30,1
1420,31,0,1,30,1
1421,20,1,1,30,1
1422,31,1,1,37,1
1423,18,1,0,47,1
1424,16,1,1,51,1
1425,5,1,0,53,1
1426,18,0,0,45,0
1427,22,1,0,31,1
1428,29,1,0,21,1
1429,6,1,1,56,1
1430,5,1,1,32,1
1431,9,1,1,55,1
1432,18,0,0,35,0
1433,11,1,1,32,1
1434,21,0,0,29,0
1435,13,1,0,50,1
1436,12,1,0,19,1
1437,28,1,1,55,1
1438,7,1,0,48,1
1439,23,1,0,29,1
1440,20,0,1,36,1
1441,14,1,0,56,1
1442,22,1,0,38,1
1443,42,0,1,26,0
1444,4,0,1,36,0
1445,15,1,0,39,1
1446,33,1,1,56,1
1447,23,1,0,30,1
1448,28,1,0,48,1
1449,15,1,0,26,1
1450,4,0,1,19,0
1451,8,1,0,60,1
1452,25,1,1,27,1
1453,14,1,0,19,1
1454,25,1,0,18,1
1455,13,1,0,28,1
1456,12,1,0,29,1
1457,6,1,0,25,1
1458,10,1,0,32,1
1459,4,0,1,48,0
1460,32,1,0,35,1
1461,21,1,0,31,1
1462,31,1,0,28,1
1463,22,1,0,30,1
1464,12,1,1,20,1
1465,22,1,1,50,1
1466,7,1,0,22,1
1467,10,1,1,26,1
1468,32,1,1,23,1
1469,4,1,0,54,1
1470,15,1,0,45,1
1471,25,0,1,59,0
1472,8,1,0,53,1
1473,6,1,0,49,1
1474,25,1,1,32,1
1475,29,0,1,28,0
1476,6,1,0,38,1
1477,8,0,0,34,1
1478,22,1,1,25,1
1479,22,1,0,26,1
1480,30,1,0,20,1
1481,25,1,1,56,1
1482,23,1,0,36,1
1483,29,1,0,51,1
1484,42,0,0,45,0
1485,21,1,0,60,1
1486,18,1,0,50,1
1487,28,1,0,24,1
1488,21,1,0,59,1
1489,6,1,0,43,1
1490,4,0,0,44,0
1491,8,0,0,29,0
1492,8,1,0,59,1
1493,45,0,1,24,0
1494,9,1,0,24,1
1495,32,1,0,28,1
1496,32,1,0,54,1
1497,29,1,0,28,1
1498,25,1,0,28,1
1499,21,1,0,29,1
1500,12,1,1,18,1
1501,36,0,0,32,0
1502,28,1,1,43,1
1503,28,1,0,21,1
1504,26,1,0,45,1
1505,10,1,1,46,1
1506,21,0,1,33,0
1507,4,1,0,44,1
1508,30,1,0,52,1
1509,23,1,1,22,1
1510,5,1,1,44,1
1511,5,1,0,27,1
1512,16,1,1,31,1
1513,4,0,0,26,0
1514,4,1,1,55,1
1515,21,1,0,59,1
1516,4,1,0,51,1
1517,21,1,0,54,1
1518,28,1,0,36,1
1519,13,1,0,59,1
1520,4,1,0,30,1
1521,8,1,0,44,1
1522,28,1,1,55,1
1523,12,1,0,58,1
1524,16,1,0,25,1
1525,4,1,0,37,1
1526,16,1,1,50,1
1527,27,1,0,51,1
1528,26,1,0,25,1
1529,4,0,1,53,0
1530,21,1,0,33,1
1531,12,1,0,52,1
1532,5,1,1,46,1
1533,5,1,0,41,1
1534,22,1,0,29,1
1535,31,1,1,47,1
1536,4,0,1,42,0
1537,26,1,1,49,1
1538,29,0,0,21,0
1539,7,1,0,23,1
1540,4,0,0,57,0
1541,11,1,0,34,1
1542,5,1,0,49,1
1543,17,1,0,21,1
1544,26,1,0,48,1
1545,26,1,1,35,1
1546,40,0,0,31,0
1547,11,1,1,49,1
1548,15,1,0,54,1
1549,21,0,0,34,0
1550,19,1,1,36,1
1551,20,1,1,46,1
1552,33,1,0,54,1
1553,24,1,0,51,1
1554,24,1,1,18,1
1555,6,1,0,25,1
1556,23,1,0,22,1
1557,18,1,1,38,1
1558,33,1,0,49,1
1559,8,1,0,29,0
1560,9,1,0,29,1
1561,29,1,1,41,1
1562,5,1,1,31,1
1563,25,1,1,31,1
1564,21,1,0,21,1
1565,24,1,1,38,1
1566,33,1,0,59,1
1567,23,1,1,29,1
1568,11,1,1,54,1
1569,27,1,0,52,1
1570,15,1,0,43,1
1571,32,1,0,57,1
1572,6,1,0,22,1
1573,29,1,0,46,1
1574,52,1,1,36,0
1575,18,1,1,25,1
1576,33,1,1,45,1
1577,28,1,0,37,1
1578,6,1,1,41,1
1579,30,1,0,22,1
1580,14,1,1,25,1
1581,32,1,0,32,1
1582,11,1,0,51,1
1583,9,0,0,28,0
1584,26,1,0,25,1
1585,10,1,0,56,1
1586,31,1,0,43,1
1587,5,1,1,29,1
1588,30,1,0,54,1
1589,30,1,0,29,1
1590,50,0,1,55,0
1591,52,0,0,52,0
1592,10,1,0,59,1
1593,4,0,0,30,0
1594,28,1,0,28,1
1595,8,1,0,58,1
1596,28,1,1,38,1
1597,10,1,0,19,1
1598,42,1,0,49,0
1599,4,0,0,46,0
1600,9,1,0,18,1
1601,31,1,0,18,1
1602,30,1,0,50,1
1603,21,1,1,27,1
1604,5,1,0,51,1
1605,26,1,1,49,1
1606,4,1,0,32,1
1607,10,0,0,23,1
1608,27,1,0,45,1
1609,29,0,0,56,0
1610,18,1,0,26,1
1611,22,1,0,25,0
1612,27,1,1,41,1
1613,8,1,0,51,1
1614,4,0,1,35,0
1615,28,1,0,57,1
1616,4,0,1,42,0
1617,11,1,0,45,1
1618,27,0,0,22,1
1619,30,1,0,32,1
1620,24,1,1,53,0
1621,24,1,1,35,1
1622,21,1,1,30,1
1623,7,1,0,46,1
1624,34,1,1,48,0
1625,29,1,0,52,1
1626,4,1,0,18,1
1627,6,1,0,55,1
1628,5,1,0,55,1
1629,23,0,1,31,0
1630,33,1,1,51,1
1631,23,0,0,29,0
1632,27,1,1,57,1
1633,8,1,1,38,1
1634,23,1,1,43,1
1635,9,0,0,28,0
1636,4,1,0,20,1
1637,4,0,0,51,0
1638,13,1,1,30,1
1639,8,1,1,34,1
1640,20,1,1,31,1
1641,18,1,1,22,1
1642,33,1,0,38,1
1643,4,0,1,46,0
1644,15,1,0,56,1
1645,7,1,0,43,1
1646,28,1,0,48,1
1647,4,0,0,31,0
1648,14,1,0,32,1
1649,17,1,0,27,1
1650,16,1,0,43,1
1651,33,0,1,29,0
1652,31,1,0,39,1
1653,19,1,0,23,1
1654,25,1,1,25,1
1655,5,1,1,29,1
1656,28,1,1,47,1
1657,8,1,0,24,1
1658,6,1,1,50,1
1659,13,1,0,57,0
1660,29,0,0,55,0
1661,4,0,1,33,0
1662,4,0,0,25,0
1663,19,1,1,28,0
1664,13,1,0,25,1
1665,26,1,0,21,1
1666,9,1,0,19,1
1667,30,1,0,31,1
1668,7,1,0,42,1
1669,12,1,0,35,1
1670,12,1,1,18,1
1671,11,0,0,29,0
1672,27,1,1,56,1
1673,22,1,1,49,1
1674,4,0,0,49,0
1675,10,1,0,38,1
1676,18,1,0,26,1
1677,17,0,0,23,1
1678,27,1,0,32,0
1679,30,1,0,56,1
1680,11,1,0,27,1
1681,12,1,0,39,1
1682,27,1,0,33,1
1683,33,1,1,58,1
1684,9,0,0,38,0
1685,32,1,0,42,1
1686,26,1,0,39,1
1687,4,0,0,21,0
1688,13,1,1,37,1
1689,15,1,1,28,1
1690,11,1,0,55,1
1691,19,1,0,36,0
1692,9,1,0,43,1
1693,28,1,0,55,1
1694,16,1,1,44,1
1695,13,1,0,34,1
1696,43,0,0,40,0
1697,16,1,0,48,1
1698,7,1,1,55,1
1699,31,1,0,34,1
1700,33,1,1,42,1
1701,20,1,0,27,1
1702,28,1,1,19,1
1703,18,1,0,21,1
1704,14,1,1,46,1
1705,18,1,1,34,1
1706,26,1,0,43,1
1707,33,1,1,54,1
1708,32,0,0,43,0
1709,30,0,1,29,0
1710,24,1,1,27,1
1711,5,1,1,55,1
1712,7,0,0,59,0
1713,22,1,0,28,1
1714,51,0,0,24,0
1715,14,1,1,59,1
1716,4,1,0,39,0
1717,21,1,0,37,1
1718,4,0,1,28,0
1719,24,1,1,22,1
1720,19,1,0,43,1
1721,13,1,0,46,1
1722,7,1,0,19,1
1723,31,1,0,32,1
1724,18,0,1,19,1
1725,21,1,0,38,0
1726,4,0,1,52,0
1727,21,1,0,51,1
1728,13,1,1,52,1
1729,4,0,1,44,0
1730,16,1,0,54,0
1731,10,1,0,41,1
1732,32,0,0,29,0
1733,31,1,0,34,1
1734,23,1,1,21,1
1735,13,1,0,43,1
1736,26,1,1,59,1
1737,10,1,0,46,1
1738,4,1,0,24,1
1739,43,0,1,40,0
1740,19,1,0,51,1
1741,19,1,0,46,1
1742,33,1,1,52,1
1743,13,1,0,21,1
1744,28,1,0,34,1
1745,26,1,1,45,1
1746,38,1,0,35,0
1747,53,0,0,28,0
1748,15,1,0,22,1
1749,28,0,0,46,0
1750,52,0,0,45,0
1751,29,1,1,33,1
1752,21,1,0,47,1
1753,16,1,0,53,1
1754,23,1,0,43,1
1755,9,1,0,39,1
1756,4,0,0,40,0
1757,10,1,0,18,1
1758,15,1,1,45,1
1759,10,1,0,22,1
1760,16,0,0,53,0
1761,53,1,0,21,0
1762,33,1,0,27,1
1763,13,1,1,22,1
1764,21,1,0,34,1
1765,4,0,0,46,0
1766,13,1,0,33,1
1767,6,1,1,52,1
1768,30,1,0,27,1
1769,13,1,1,31,1
1770,18,1,1,38,1
1771,10,1,0,24,1
1772,26,1,0,47,1
1773,14,1,0,29,1
1774,6,1,0,47,1
1775,9,1,1,33,1
1776,44,0,1,39,0
1777,4,1,1,19,1
1778,9,1,0,53,1
1779,21,1,1,26,1
1780,21,1,0,26,1
1781,16,1,0,43,1
1782,31,1,1,54,1
1783,32,1,0,49,1
1784,4,0,0,44,0
1785,30,1,0,26,1
1786,12,0,1,29,1
1787,51,1,0,33,0
1788,24,1,0,40,1
1789,6,1,0,24,1
1790,17,1,0,20,1
1791,4,1,1,58,1
1792,4,0,0,53,0
1793,22,1,1,32,0
1794,15,1,0,33,1
1795,28,1,1,46,1
1796,12,1,1,18,1
1797,24,0,0,40,0
1798,19,1,1,34,1
1799,28,1,0,49,1
1800,21,0,1,34,0
1801,15,1,0,48,1
1802,6,1,1,34,1
1803,9,1,0,24,1
1804,12,1,1,31,1
1805,18,1,0,59,1
1806,16,1,1,30,1
1807,4,0,1,59,0
1808,5,1,0,55,1
1809,4,1,0,19,1
1810,29,1,0,26,1
1811,4,1,1,60,1
1812,30,1,1,19,1
1813,15,1,0,25,1
1814,33,1,0,49,1
1815,29,1,0,19,1
1816,6,1,0,18,1
1817,6,1,0,60,1
1818,26,1,0,59,1
1819,43,0,0,51,0
1820,17,1,0,45,1
1821,29,1,1,30,1
1822,19,1,1,51,1
1823,16,1,0,36,1
1824,7,1,0,58,1
1825,32,1,0,47,1
1826,42,0,0,50,0
1827,6,1,1,39,1
1828,22,1,0,45,1
1829,24,1,0,43,1
1830,22,1,1,57,1
1831,53,0,0,53,0
1832,24,1,1,36,1
1833,4,0,1,44,0
1834,4,0,1,35,0
1835,30,1,1,44,1
1836,25,1,1,57,1
1837,10,0,0,48,1
1838,24,1,0,60,0
1839,47,0,0,32,0
1840,25,1,0,33,1
1841,9,0,0,50,0
1842,30,1,0,38,1
1843,23,0,0,60,0
1844,51,0,0,38,0
1845,6,1,0,46,1
1846,4,0,0,19,0
1847,27,0,0,31,1
1848,25,1,0,59,1
1849,26,1,1,58,1
1850,8,1,1,58,1
1851,6,1,1,23,1
1852,32,0,0,56,0
1853,4,1,0,47,1
1854,33,0,1,43,0
1855,46,0,1,23,0
1856,16,1,0,19,1
1857,26,1,0,56,1
1858,21,1,1,23,1
1859,31,1,0,34,1
1860,31,1,0,43,1
1861,18,1,0,35,1
1862,13,1,1,27,1
1863,30,1,1,24,1
1864,14,1,0,31,1
1865,27,1,1,20,1
1866,10,1,1,22,1
1867,20,1,0,40,1
1868,28,1,0,36,1
1869,19,1,1,45,1
1870,14,1,1,31,1
1871,5,1,0,27,0
1872,14,1,0,21,1
1873,16,1,1,31,1
1874,12,1,0,21,1
1875,25,1,0,49,1
1876,17,1,1,34,1
1877,12,1,0,30,1
1878,9,1,0,45,1
1879,28,1,0,39,0
1880,21,1,1,20,1
1881,52,0,1,38,0
1882,14,1,1,23,1
1883,33,1,0,45,1
1884,22,1,0,28,1
1885,30,0,0,53,0
1886,6,1,1,49,0
1887,31,1,0,25,1
1888,5,0,1,46,1
1889,4,0,0,57,0
1890,29,1,1,60,1
1891,9,1,1,31,1
1892,9,1,0,38,1
1893,13,1,0,27,1
1894,4,0,1,39,0
1895,10,1,0,34,1
1896,21,1,0,21,1
1897,10,1,0,44,1
1898,25,1,0,38,1
1899,23,1,0,30,1
1900,8,1,1,18,1
1901,20,1,1,46,1
1902,4,1,0,43,1
1903,23,1,1,51,1
1904,27,1,0,38,1
1905,18,1,0,45,1
1906,18,1,0,37,1
1907,4,1,0,53,1
1908,27,1,0,34,1
1909,15,0,0,35,0
1910,27,1,0,27,1
1911,8,1,0,22,1
1912,9,1,1,43,1
1913,24,1,0,58,1
1914,12,1,0,55,1
1915,26,1,0,19,1
1916,19,1,1,32,1
1917,4,1,1,59,0
1918,4,1,0,38,1
1919,10,1,0,48,1
1920,4,1,0,41,0
1921,4,1,1,47,1
1922,11,1,1,25,1
1923,5,1,1,52,1
1924,7,1,0,23,1
1925,4,0,0,28,0
1926,15,1,0,43,1
1927,31,1,0,40,1
1928,28,1,1,25,1
1929,22,1,1,54,1
1930,26,1,0,53,1
1931,20,1,0,35,1
1932,11,1,0,20,1
1933,31,1,0,26,1
1934,9,1,1,44,1
1935,5,1,0,27,1
1936,30,1,0,53,1
1937,23,1,1,40,1
1938,13,1,0,57,1
1939,4,0,1,29,0
1940,25,1,1,50,1
1941,51,0,1,50,0
1942,12,1,1,21,1
1943,4,0,0,37,0
1944,24,1,0,22,1
1945,27,1,1,28,1
1946,48,0,0,44,0
1947,22,1,1,34,1
1948,17,1,0,40,1
1949,14,1,1,22,1
1950,12,1,1,24,1
1951,9,1,1,35,1
1952,27,1,1,58,1
1953,6,1,0,31,1
1954,25,1,0,59,1
1955,16,1,0,29,1
1956,18,1,0,44,1
1957,4,1,1,23,1
1958,12,1,0,20,1
1959,13,1,0,25,1
1960,28,1,1,21,1
1961,24,0,0,60,0
1962,9,1,0,46,1
1963,18,0,0,39,0
1964,28,1,0,27,1
1965,12,1,0,22,1
1966,15,1,1,49,1
1967,25,1,1,37,1
1968,4,1,1,54,1
1969,4,1,0,53,0
1970,53,0,0,45,0
1971,28,1,0,19,1
1972,18,0,0,47,0
1973,27,1,0,18,1
1974,42,0,1,29,0
1975,7,1,0,54,0
1976,12,0,0,18,0
1977,20,1,0,49,1
1978,24,1,0,29,1
1979,10,1,0,24,1
1980,17,1,1,25,1
1981,12,1,1,20,1
1982,4,1,1,27,0
1983,10,1,0,38,1
1984,11,1,0,42,1
1985,11,0,0,43,0
1986,26,1,0,22,1
1987,20,1,0,47,1
1988,8,1,0,44,1
1989,30,1,1,42,1
1990,53,0,1,27,0
1991,18,1,1,19,1
1992,5,0,0,26,0
1993,32,1,0,59,1
1994,33,1,0,18,1
1995,26,1,0,40,1
1996,9,1,0,57,1
1997,18,1,0,60,1
1998,33,1,1,22,1
1999,4,0,1,28,0
2000,4,0,1,50,0
2001,18,1,1,19,1
2002,12,1,0,22,1
2003,12,1,1,52,1
2004,20,1,0,50,1
2005,30,1,0,45,1
2006,24,1,0,53,1
2007,21,1,0,28,1
2008,26,0,0,47,0
2009,4,1,0,28,1
2010,4,1,0,35,1
2011,17,1,0,45,1
2012,22,1,1,24,1
2013,48,1,0,55,0
2014,37,1,0,49,0
2015,32,1,1,48,1
2016,19,1,0,42,1
2017,14,1,0,37,1
2018,24,0,0,33,0
2019,31,1,1,39,1
2020,8,1,1,59,1
2021,15,1,1,31,1
2022,34,0,0,52,0
2023,8,1,1,40,1
2024,27,1,1,57,1
2025,22,1,1,44,1
2026,4,0,0,58,0
2027,4,1,1,27,0
2028,35,0,1,56,0
2029,4,1,1,46,1
2030,5,1,1,31,1
2031,20,1,1,30,1
2032,24,0,1,28,0
2033,26,1,0,21,0
2034,18,1,0,41,1
2035,23,1,1,23,1
2036,4,0,0,40,0
2037,18,1,0,57,1
2038,19,1,0,41,1
2039,33,1,0,19,1
2040,25,1,0,46,1
2041,31,0,1,36,0
2042,18,1,1,57,1
2043,14,0,1,39,0
2044,20,1,1,41,1
2045,15,1,1,31,1
2046,28,1,0,57,1
2047,19,1,0,57,1
2048,11,1,0,55,1
2049,51,0,0,19,0
2050,7,0,0,24,0
2051,19,1,1,52,1
2052,30,1,1,40,1
2053,11,0,0,29,0
2054,4,0,1,43,0
2055,32,0,1,51,0
2056,9,1,0,20,1
2057,23,1,0,20,1
2058,21,1,0,27,1
2059,31,1,0,56,1
2060,11,1,0,25,1
2061,17,1,0,57,1
2062,19,1,1,19,1
2063,22,0,0,56,0
2064,9,1,0,20,1
2065,19,1,1,31,1
2066,16,1,0,53,1
2067,18,1,1,39,1
2068,16,0,0,44,1
2069,16,1,0,29,1
2070,27,1,0,46,1
2071,20,1,0,25,1
2072,14,1,0,23,1
2073,4,0,1,31,0
2074,4,1,0,18,0
2075,25,1,0,46,1
2076,24,1,0,54,1
2077,15,1,1,57,1
2078,31,0,1,26,0
2079,38,0,0,41,0
2080,33,1,0,48,1
2081,30,1,0,49,1
2082,29,0,0,40,1
2083,29,1,1,51,1
2084,11,1,0,27,1
2085,26,1,1,59,1
2086,13,0,1,33,0
2087,27,1,0,54,1
2088,24,1,0,33,1
2089,33,1,1,40,1
2090,13,1,0,36,1
2091,7,1,0,34,1
2092,24,0,0,25,0
2093,5,0,0,39,1
2094,24,1,0,26,1
2095,29,1,0,46,1
2096,22,0,1,45,0
2097,31,1,0,52,1
2098,4,0,0,36,0
2099,17,1,0,24,1
2100,26,1,0,56,1
2101,23,1,0,50,1
2102,14,1,0,22,1
2103,4,0,0,34,0
2104,5,1,1,46,1
2105,29,0,0,30,0
2106,26,1,0,25,1
2107,31,1,0,36,1
2108,22,1,0,60,1
2109,29,1,1,59,1
2110,26,1,1,30,1
2111,4,0,1,43,0
2112,24,1,0,36,1
2113,9,1,0,45,1
2114,22,1,1,31,1
2115,39,0,1,31,0
2116,9,1,1,35,1
2117,18,1,1,28,1
2118,25,1,1,24,1
2119,5,1,0,22,1
2120,15,1,1,37,1
2121,45,0,0,26,0
2122,50,1,0,23,0
2123,33,1,0,28,1
2124,24,1,0,20,1
2125,11,0,0,33,0
2126,28,1,0,22,1
2127,33,1,0,37,1
2128,26,1,0,18,1
2129,23,1,0,53,1
2130,30,1,0,56,1
2131,7,1,0,46,1
2132,4,0,1,54,0
2133,21,1,0,18,1
2134,19,1,0,46,1
2135,15,1,1,54,1
2136,30,1,0,25,1
2137,32,1,1,60,0
2138,26,1,0,47,1
2139,7,0,0,50,0
2140,15,1,0,19,1
2141,30,1,0,58,1
2142,27,1,1,41,1
2143,4,1,0,47,1
2144,30,1,0,40,1
2145,18,1,0,27,1
2146,19,1,0,44,1
2147,32,1,0,58,0
2148,24,1,1,36,1
2149,14,1,0,27,1
2150,37,0,1,49,0
2151,33,1,0,59,1
2152,21,1,0,56,1
2153,4,0,0,43,0
2154,14,1,0,34,1
2155,5,1,0,31,1
2156,31,0,1,38,1
2157,33,1,0,24,1
2158,5,1,0,25,1
2159,6,1,0,51,1
2160,22,1,1,59,1
2161,29,1,0,49,1
2162,24,1,1,31,1
2163,12,0,0,20,1
2164,29,0,0,33,0
2165,5,1,1,24,1
2166,10,1,0,49,1
2167,13,1,0,18,1
2168,24,1,0,29,1
2169,29,1,0,52,1
2170,28,1,1,23,1
2171,5,1,1,58,1
2172,17,1,0,57,1
2173,33,1,0,24,1
2174,33,1,1,52,1
2175,18,0,0,38,0
2176,50,0,0,60,0
2177,4,1,0,25,1
2178,31,1,0,36,1
2179,4,0,0,18,0
2180,24,1,1,38,1
2181,17,1,0,35,1
2182,4,1,0,32,1
2183,30,1,0,55,1
2184,11,1,0,45,1
2185,21,0,1,53,0
2186,28,1,0,42,1
2187,9,1,0,30,1
2188,33,1,0,33,1
2189,29,1,0,60,1
2190,25,1,0,41,1
2191,7,1,1,24,1
2192,4,1,1,41,1
2193,4,0,0,55,0
2194,4,0,1,22,0
2195,16,1,0,23,1
2196,32,1,0,48,1
2197,4,0,0,25,0
2198,27,1,0,21,1
2199,29,0,0,43,1
2200,17,1,1,43,1
2201,35,0,1,33,0
2202,10,1,1,33,1
2203,41,0,0,38,0
2204,17,1,1,35,1
2205,8,1,0,38,1
2206,37,1,0,19,0
2207,10,1,0,34,1
2208,31,1,0,51,1
2209,49,0,0,42,0
2210,24,1,0,47,1
2211,25,1,0,24,1
2212,20,1,0,44,1
2213,10,1,0,24,1
2214,4,1,1,42,1
2215,15,1,1,37,1
2216,53,1,0,40,0
2217,31,1,1,39,1
2218,25,0,0,32,0
2219,17,0,1,57,1
2220,8,1,0,23,1
2221,32,1,0,35,1
2222,22,1,1,24,1
2223,26,1,0,60,1
2224,29,1,1,44,1
2225,9,0,0,57,1
2226,8,1,0,26,1
2227,31,1,0,58,1
2228,29,1,1,45,1
2229,4,1,0,39,0
2230,12,1,1,18,1
2231,8,1,0,58,1
2232,31,0,1,45,1
2233,30,1,0,35,1
2234,4,0,0,44,0
2235,16,1,1,22,1
2236,43,0,1,36,0
2237,23,0,0,46,0
2238,42,0,1,51,0
2239,25,1,0,30,0
2240,29,1,0,48,1
2241,33,1,1,31,1
2242,6,1,0,31,1
2243,14,1,1,54,1
2244,14,1,0,26,1
2245,33,0,1,35,1
2246,18,0,1,48,1
2247,31,1,0,57,1
2248,33,1,1,25,1
2249,7,1,0,42,0
2250,10,1,0,53,1
2251,16,0,1,20,1
2252,22,0,0,21,1
2253,23,1,0,45,1
2254,14,1,0,23,1
2255,29,1,0,40,1
2256,5,1,0,57,1
2257,20,1,1,35,1
2258,20,1,1,26,1
2259,8,1,1,46,1
2260,12,1,0,57,1
2261,25,1,0,51,1
2262,4,0,0,45,0
2263,35,1,0,45,0
2264,4,0,0,50,0
2265,11,1,0,56,1
2266,6,1,0,55,1
2267,4,1,0,24,0
2268,12,1,1,40,1
2269,22,1,0,42,1
2270,45,0,1,30,0
2271,19,1,1,54,0
2272,17,0,0,34,0
2273,6,1,0,50,1
2274,25,1,1,51,1
2275,29,1,0,35,1
2276,32,1,0,33,1
2277,15,1,0,40,1
2278,30,1,0,22,1
2279,13,1,0,57,1
2280,10,1,0,24,1
2281,4,0,1,41,0
2282,4,1,0,27,1
2283,6,1,1,27,1
2284,15,1,0,18,1
2285,9,1,0,22,1
2286,53,0,0,24,0
2287,33,1,0,25,1
2288,44,0,0,21,0
2289,48,0,0,37,0
2290,11,1,0,21,1
2291,9,1,1,41,1
2292,4,0,0,20,0
2293,18,1,0,57,1
2294,14,1,1,39,1
2295,18,1,0,31,1
2296,18,1,0,30,1
2297,5,1,1,31,1
2298,30,1,0,38,1
2299,32,1,0,27,1
2300,40,1,1,47,0
2301,29,1,1,54,1
2302,21,1,0,37,1
2303,33,1,0,52,1
2304,29,1,1,46,1
2305,4,0,0,43,0
2306,26,1,1,50,1
2307,24,1,1,22,1
2308,24,1,1,58,1
2309,12,1,1,42,1
2310,8,0,1,60,0
2311,33,1,0,32,1
2312,14,1,1,31,1
2313,11,1,0,19,1
2314,15,1,0,39,1
2315,29,1,0,30,1
2316,30,1,1,21,1
2317,14,1,1,24,1
2318,12,1,1,35,1
2319,23,0,0,56,0
2320,21,1,0,27,1
2321,5,1,1,55,1
2322,19,1,0,57,1
2323,16,1,0,28,1
2324,13,1,0,25,1
2325,16,1,1,37,1
2326,30,0,0,37,0
2327,15,0,1,46,0
2328,21,1,1,26,1
2329,4,0,1,31,1
2330,21,1,1,60,1
2331,15,1,1,19,1
2332,7,1,1,33,1
2333,31,1,0,51,1
2334,22,1,0,37,1
2335,15,1,1,42,1
2336,14,1,0,20,1
2337,11,1,0,19,1
2338,21,1,0,19,1
2339,7,0,1,46,0
2340,25,1,1,36,1
2341,4,0,0,46,0
2342,8,1,0,32,1
2343,33,1,1,39,1
2344,7,1,0,33,1
2345,20,0,0,36,1
2346,31,1,0,35,1
2347,11,1,0,40,1
2348,28,0,0,20,0
2349,13,1,0,18,0
2350,27,1,0,38,1
2351,29,1,0,20,1
2352,24,1,0,38,1
2353,19,1,1,33,1
2354,18,1,0,19,1
2355,8,0,0,36,0
2356,26,1,1,31,1
2357,12,1,0,19,0
2358,31,1,0,48,1
2359,39,0,0,53,0
2360,50,0,0,48,0
2361,4,0,0,39,0
2362,14,1,1,36,1
2363,24,1,1,36,1
2364,8,1,0,46,1
2365,30,1,1,35,1
2366,4,1,0,23,1
2367,6,1,0,29,1
2368,17,1,1,43,1
2369,8,1,0,24,1
2370,4,1,0,48,0
2371,35,0,1,53,0
2372,6,1,0,37,1
2373,17,0,0,47,0
2374,27,1,0,26,1
2375,46,0,0,50,0
2376,49,1,1,51,0
2377,17,1,1,52,1
2378,6,1,0,50,1
2379,8,1,0,50,0
2380,19,0,0,42,1
2381,22,1,0,23,1
2382,24,1,1,48,1
2383,27,1,0,38,1
2384,4,0,1,19,0
2385,24,0,0,21,1
2386,30,1,0,26,1
2387,50,1,0,36,0
2388,26,1,0,51,1
2389,31,1,0,30,1
2390,5,1,1,27,1
2391,31,1,0,58,1
2392,4,0,1,30,0
2393,25,1,0,38,1
2394,53,1,0,39,0
2395,18,0,1,54,0
2396,17,1,1,59,1
2397,20,1,0,57,1
2398,6,1,0,27,1
2399,10,1,0,46,1
2400,30,1,1,54,1
2401,5,1,1,45,1
2402,22,1,1,48,1
2403,51,1,0,32,0
2404,27,1,1,29,1
2405,4,0,1,28,0
2406,15,1,1,21,1
2407,32,1,0,19,1
2408,51,0,0,55,0
2409,17,1,1,26,1
2410,22,1,0,54,1
2411,24,1,0,56,1
2412,14,1,1,57,1
2413,29,1,0,43,1
2414,31,1,0,49,1
2415,5,1,0,42,1
2416,16,0,0,27,0
2417,29,1,0,36,1
2418,15,1,0,32,1
2419,28,1,0,37,1
2420,4,0,0,59,0
2421,4,1,0,53,1
2422,30,0,1,30,0
2423,14,1,0,18,1
2424,15,1,0,60,1
2425,39,0,1,31,0
2426,15,1,1,32,1
2427,12,1,0,53,1
2428,6,1,1,44,1
2429,29,1,1,28,1
2430,24,1,0,25,1
2431,19,1,0,48,1
2432,16,1,0,30,1
2433,50,0,0,44,0
2434,25,1,0,32,1
2435,19,1,0,22,1
2436,12,1,1,43,0
2437,29,1,0,54,1
2438,24,1,1,50,1
2439,44,0,1,53,0
2440,10,1,0,27,1
2441,28,1,1,20,1
2442,26,1,0,33,1
2443,31,1,1,44,1
2444,13,1,0,51,1
2445,5,1,0,56,1
2446,16,1,0,29,1
2447,32,1,0,59,1
2448,14,1,0,60,1
2449,16,1,1,20,1
2450,8,1,0,27,1
2451,9,1,0,48,1
2452,25,1,0,28,1
2453,4,1,0,44,0
2454,18,1,1,32,1
2455,14,1,1,55,1
2456,24,1,0,52,1
2457,30,1,0,20,1
2458,22,1,0,32,1
2459,33,1,1,58,1
2460,29,1,0,18,1
2461,12,1,0,59,1
2462,18,1,0,58,1
2463,10,1,0,23,1
2464,19,0,1,51,1
2465,22,1,1,52,1
2466,12,1,1,34,1
2467,7,1,1,42,1
2468,14,1,0,49,1
2469,19,1,1,29,1
2470,17,1,0,23,1
2471,14,1,0,38,1
2472,22,1,0,27,1
2473,21,0,0,60,0
2474,32,1,0,24,1
2475,4,0,1,34,0
2476,4,1,0,40,1
2477,6,1,0,59,1
2478,30,1,0,19,1
2479,26,1,1,25,1
2480,4,0,0,41,0
2481,17,1,1,23,1
2482,7,1,0,44,1
2483,24,1,0,20,1
2484,12,1,0,23,1
2485,17,1,0,37,1
2486,10,1,1,22,1
2487,13,1,0,44,1
2488,32,1,1,36,1
2489,16,1,0,42,1
2490,24,0,1,28,1
2491,50,0,0,55,0
2492,19,1,1,52,1
2493,20,0,0,32,0
2494,12,0,0,26,0
2495,11,1,0,29,1
2496,52,0,0,35,0
2497,28,1,1,59,1
2498,30,1,1,23,1
2499,33,1,0,39,1
2500,8,0,1,53,1
2501,24,1,0,32,0
2502,20,1,0,42,1
2503,24,1,0,38,1
2504,9,1,0,58,1
2505,30,1,0,45,1
2506,25,1,0,50,1
2507,11,1,0,48,1
2508,4,0,0,39,0
2509,4,0,1,32,0
2510,42,0,1,28,0
2511,19,1,0,47,0
2512,31,1,0,33,1
2513,10,0,1,55,0
2514,4,0,0,39,0
2515,25,1,1,51,1
2516,15,1,0,53,1
2517,11,1,0,56,1
2518,21,1,0,57,1
2519,7,1,0,24,1
2520,27,1,0,34,1
2521,23,1,0,44,1
2522,29,1,0,44,1
2523,27,1,0,51,1
2524,27,0,0,36,0
2525,24,1,0,54,1
2526,22,0,0,50,0
2527,41,0,1,31,0
2528,4,0,1,37,0
2529,14,0,1,37,0
2530,14,1,1,59,1
2531,27,0,1,47,0
2532,33,1,0,41,1
2533,31,1,1,50,1
2534,17,1,0,28,1
2535,9,1,0,31,1
2536,26,1,0,30,1
2537,4,1,0,60,0
2538,5,1,0,46,1
2539,16,1,0,39,1
2540,11,1,0,49,1
2541,29,1,1,47,1
2542,4,0,1,60,0
2543,4,1,0,25,0
2544,23,1,0,27,1
2545,44,0,0,32,0
2546,7,1,0,51,1
2547,6,1,0,43,1
2548,17,1,0,56,1
2549,20,1,0,24,1
2550,11,1,1,30,1
2551,4,0,0,59,0
2552,13,1,0,21,1
2553,10,1,0,27,1
2554,17,0,0,36,0
2555,8,1,1,53,1
2556,4,0,1,59,0
2557,4,1,0,43,1
2558,29,1,0,24,0
2559,17,0,0,42,0
2560,23,1,0,54,1
2561,26,1,0,31,1
2562,29,1,0,58,1
2563,25,1,1,31,1
2564,23,1,0,53,1
2565,7,1,1,35,1
2566,24,1,1,19,1
2567,27,1,1,29,1
2568,13,1,1,32,1
2569,18,1,0,49,1
2570,7,1,0,27,1
2571,33,1,0,59,1
2572,22,1,0,49,1
2573,11,1,0,44,1
2574,28,1,0,60,1
2575,33,1,0,20,1
2576,20,1,0,49,1
2577,33,1,0,36,1
2578,10,1,1,58,1
2579,29,1,0,18,1
2580,38,1,1,26,0
2581,28,1,0,42,1
2582,26,1,1,55,1
2583,53,0,0,28,0
2584,28,1,1,35,1
2585,27,1,0,28,1
2586,17,1,1,54,1
2587,4,0,1,25,0
2588,15,0,1,60,0
2589,8,1,0,32,1
2590,20,1,0,45,1
2591,5,0,0,26,0
2592,16,1,0,42,1
2593,39,0,0,24,0
2594,10,1,1,53,0
2595,26,1,0,31,1
2596,7,1,0,18,1
2597,18,1,1,47,1
2598,31,1,1,32,1
2599,15,0,1,50,0
2600,16,1,0,59,1
2601,23,1,1,23,1
2602,32,1,1,41,1
2603,5,1,0,36,1
2604,46,0,1,52,0
2605,4,1,0,42,0
2606,27,0,0,52,1
2607,49,0,1,25,0
2608,27,1,0,60,1
2609,19,1,0,27,1
2610,4,1,0,30,0
2611,11,0,0,50,1
2612,15,1,1,22,1
2613,13,1,1,20,1
2614,15,1,0,35,1
2615,14,1,0,28,1
2616,4,0,0,34,0
2617,21,1,0,28,1
2618,31,1,0,41,1
2619,20,1,0,60,1
2620,9,1,0,18,1
2621,19,1,0,43,1
2622,4,0,1,31,0
2623,4,1,0,18,0
2624,5,1,1,41,1
2625,7,1,0,53,1
2626,16,1,0,25,1
2627,7,1,0,18,1
2628,18,1,1,23,1
2629,19,1,0,26,1
2630,25,1,0,32,1
2631,21,1,0,48,1
2632,21,1,1,46,1
2633,8,1,0,52,1
2634,21,1,0,55,1
2635,12,1,1,49,1
2636,14,0,0,28,0
2637,8,0,1,24,1
2638,12,1,0,58,1
2639,44,0,0,55,0
2640,21,1,0,37,1
2641,13,1,0,36,1
2642,16,1,1,20,1
2643,31,1,0,47,1
2644,10,1,0,59,1
2645,40,0,1,57,0
2646,4,1,0,23,1
2647,25,1,1,48,1
2648,18,1,1,29,1
2649,24,1,0,41,1
2650,32,1,1,56,1
2651,12,1,1,50,1
2652,52,0,1,54,0
2653,27,1,0,57,1
2654,16,0,0,40,0
2655,4,1,0,49,1
2656,29,1,0,44,1
2657,22,1,1,55,1
2658,6,1,1,56,1
2659,7,1,0,18,1
2660,18,1,0,41,1
2661,8,1,1,51,1
2662,33,1,1,39,1
2663,11,1,0,28,1
2664,13,1,0,47,1
2665,25,1,1,21,1
2666,4,0,1,59,0
2667,17,0,0,39,0
2668,22,1,1,23,1
2669,19,1,0,42,1
2670,28,1,1,38,1
2671,9,1,0,29,1
2672,43,0,0,27,0
2673,9,1,0,25,1
2674,20,1,0,24,1
2675,29,1,1,51,1
2676,32,0,1,54,0
2677,10,0,0,60,0
2678,25,1,1,36,1
2679,34,1,1,55,0
2680,23,0,0,47,1
2681,21,1,0,41,1
2682,18,1,1,49,1
2683,22,1,0,19,1
2684,18,1,0,40,1
2685,10,1,0,42,1
2686,23,1,0,40,1
2687,13,1,0,27,1
2688,9,1,0,56,1
2689,32,1,1,41,1
2690,18,1,0,53,1
2691,27,1,1,36,1
2692,4,0,0,47,0
2693,6,1,0,42,1
2694,24,1,1,31,1
2695,25,1,1,47,1
2696,8,1,0,36,1
2697,23,0,1,34,0
2698,7,1,1,55,1
2699,47,0,1,21,0
2700,26,1,1,23,1
2701,4,1,0,35,0
2702,22,1,1,53,1
2703,27,1,1,48,1
2704,10,1,1,33,1
2705,8,1,0,21,1
2706,16,1,1,55,1
2707,33,1,1,35,1
2708,16,1,0,34,1
2709,23,1,0,54,1
2710,8,1,1,44,1
2711,18,0,1,35,0
2712,27,0,0,26,0
2713,19,0,0,34,1
2714,22,1,1,24,1
2715,16,1,0,25,1
2716,15,1,0,25,1
2717,22,1,0,38,1
2718,6,1,1,34,1
2719,18,1,0,27,1
2720,48,0,1,33,0
2721,25,1,1,55,1
2722,21,1,0,50,1
2723,6,1,1,32,1
2724,15,1,1,28,1
2725,32,1,0,37,1
2726,26,1,0,25,1
2727,22,1,1,46,1
2728,9,1,0,19,0
2729,12,1,1,60,1
2730,4,1,0,19,0
2731,11,1,1,35,1
2732,6,1,1,49,1
2733,16,1,0,44,1
2734,16,0,1,51,0
2735,6,1,1,41,1
2736,16,1,1,43,1
2737,18,1,0,40,1
2738,14,1,1,20,1
2739,20,1,0,57,1
2740,16,1,1,22,1
2741,27,1,1,35,1
2742,19,1,0,18,1
2743,5,1,0,55,0
2744,31,1,1,59,1
2745,15,1,0,49,1
2746,10,1,0,47,1
2747,6,1,0,38,1
2748,7,1,1,36,1
2749,27,1,0,26,1
2750,5,1,0,25,1
2751,27,1,1,27,1
2752,26,1,0,40,1
2753,23,0,0,24,0
2754,30,1,1,41,1
2755,53,1,0,31,0
2756,7,1,0,36,1
2757,14,1,0,53,1
2758,17,1,0,48,1
2759,14,1,0,47,1
2760,8,1,0,26,1
2761,32,1,0,58,1
2762,10,1,0,35,1
2763,34,0,0,27,0
2764,48,0,0,40,0
2765,15,1,0,49,1
2766,20,1,0,50,1
2767,44,0,1,25,0
2768,39,0,1,29,0
2769,22,1,0,21,1
2770,28,1,1,28,1
2771,15,1,1,34,1
2772,48,0,0,51,0
2773,24,1,0,49,1
2774,11,1,0,33,1
2775,10,1,0,21,1
2776,7,0,1,52,0
2777,18,1,0,53,1
2778,8,1,0,43,1
2779,30,1,1,40,1
2780,24,1,0,52,1
2781,16,1,0,33,1
2782,8,1,0,32,1
2783,13,1,0,44,1
2784,14,1,0,42,1
2785,9,1,0,41,1
2786,33,1,1,47,1
2787,22,0,1,36,0
2788,25,0,1,42,1
2789,25,1,0,38,1
2790,18,1,0,24,1
2791,24,1,1,49,1
2792,36,0,1,33,0
2793,32,1,0,33,1
2794,4,0,1,19,0
2795,24,1,0,45,1
2796,10,1,0,57,1
2797,23,1,0,37,1
2798,11,1,1,34,1
2799,23,1,0,29,1
2800,31,0,0,40,0
2801,33,1,1,36,1
2802,47,0,0,36,0
2803,5,1,0,47,1
2804,29,1,0,28,1
2805,13,1,1,23,1
2806,7,0,0,34,0
2807,8,1,1,25,1
2808,6,1,0,31,1
2809,24,1,0,58,1
2810,31,0,1,46,0
2811,31,1,1,54,1
2812,21,0,1,42,0
2813,26,0,0,33,0
2814,29,1,0,33,1
2815,4,1,0,60,1
2816,7,1,0,46,1
2817,6,1,1,59,1
2818,13,1,1,52,1
2819,33,0,0,37,0
2820,33,1,1,58,1
2821,8,1,0,49,1
2822,19,1,0,25,1
2823,6,1,1,29,1
2824,45,0,1,19,0
2825,21,1,0,51,1
2826,48,0,0,53,0
2827,20,1,0,50,1
2828,9,1,0,19,1
2829,14,1,1,29,1
2830,14,1,1,29,1
2831,12,1,1,32,1
2832,43,0,0,46,0
2833,8,1,0,30,1
2834,52,0,1,49,0
2835,28,1,0,53,1
2836,25,1,0,29,1
2837,10,1,0,34,1
2838,13,1,0,45,1
2839,33,1,1,38,1
2840,32,1,1,41,1
2841,20,1,0,54,1
2842,4,0,0,57,0
2843,26,0,0,47,0
2844,10,0,0,48,0
2845,29,1,1,21,1
2846,13,1,1,48,1
2847,14,1,1,55,1
2848,42,0,1,37,0
2849,19,0,0,29,0
2850,30,0,0,52,0
2851,33,1,0,26,1
2852,26,1,0,54,1
2853,16,0,0,60,1
2854,4,0,0,50,0
2855,17,1,1,35,1
2856,32,1,1,34,1
2857,27,0,0,57,0
2858,28,1,0,38,1
2859,9,1,1,51,1
2860,19,1,0,53,1
2861,6,1,0,39,1
2862,32,1,1,18,1
2863,17,1,0,33,1
2864,32,1,0,57,1
2865,20,1,0,51,1
2866,4,0,0,41,0
2867,19,1,1,32,1
2868,7,1,0,51,1
2869,19,1,1,31,1
2870,23,1,1,43,1
2871,11,1,0,60,1
2872,4,1,0,43,1
2873,24,0,1,51,0
2874,9,1,0,51,1
2875,39,0,0,25,0
2876,29,1,1,28,1
2877,13,1,0,23,1
2878,10,1,0,58,1
2879,15,1,1,42,1
2880,30,0,0,58,0
2881,18,1,0,44,1
2882,43,1,0,57,0
2883,31,1,0,27,1
2884,36,0,0,59,0
2885,49,0,0,30,0
2886,42,0,0,36,0
2887,8,1,0,32,1
2888,15,1,1,23,1
2889,19,1,1,49,1
2890,7,1,0,51,1
2891,28,0,0,21,0
2892,14,1,0,38,1
2893,6,1,0,45,1
2894,9,1,0,39,1
2895,16,1,0,18,1
2896,7,0,1,29,1
2897,48,0,0,51,0
2898,26,1,0,54,1
2899,48,1,0,29,0
2900,8,1,0,31,1
2901,27,0,0,47,1
2902,5,1,1,19,1
2903,20,1,0,54,1
2904,31,1,1,41,1
2905,29,1,0,33,1
2906,14,1,0,41,1
2907,19,1,1,46,1
2908,15,1,0,47,1
2909,10,0,0,24,0
2910,20,1,0,25,1
2911,35,0,1,32,0
2912,16,1,0,36,1
2913,42,1,1,25,0
2914,6,0,1,26,1
2915,25,1,1,48,1
2916,28,1,0,56,1
2917,29,1,1,31,1
2918,32,1,1,54,1
2919,25,1,0,21,1
2920,4,0,0,47,0
2921,6,1,0,36,1
2922,23,1,0,23,1
2923,25,1,0,55,1
2924,13,0,1,19,0
2925,47,0,0,46,0
2926,12,1,0,37,1
2927,5,1,1,47,1
2928,25,0,1,46,0
2929,5,1,0,58,1
2930,15,1,0,47,1
2931,25,1,1,20,1
2932,6,0,0,52,1
2933,9,1,0,25,1
2934,24,1,0,41,1
2935,28,1,0,24,1
2936,20,1,1,58,1
2937,9,1,0,21,1
2938,28,1,0,57,1
2939,28,1,1,30,1
2940,17,1,1,56,1
2941,20,1,1,39,1
2942,20,1,1,46,1
2943,9,1,0,46,1
2944,39,0,1,56,0
2945,5,1,0,18,1
2946,14,0,0,26,0
2947,17,1,1,48,1
2948,25,1,0,19,1
2949,32,0,0,40,0
2950,32,1,1,32,1
2951,5,1,0,37,1
2952,19,1,0,37,1
2953,32,1,0,24,1
2954,10,1,0,29,1
2955,27,1,0,49,1
2956,25,0,0,34,1
2957,9,0,0,59,0
2958,15,1,0,25,0
2959,4,1,0,25,0
2960,21,1,0,40,1
2961,18,1,1,39,1
2962,42,0,0,22,0
2963,16,1,0,57,1
2964,43,0,0,32,0
2965,11,1,1,46,1
2966,21,1,1,40,1
2967,27,1,0,24,1
2968,29,1,0,60,0
2969,32,1,1,55,1
2970,16,1,0,55,1
2971,48,0,0,57,0
2972,32,1,0,59,1
2973,22,1,1,19,1
2974,18,1,0,52,1
2975,30,1,1,19,1
2976,8,1,0,40,0
2977,18,1,1,24,1
2978,16,1,0,57,1
2979,31,1,1,40,0
2980,14,1,1,45,1
2981,8,1,0,46,0
2982,11,1,0,18,1
2983,8,1,0,23,1
2984,20,1,0,38,1
2985,4,0,1,41,0
2986,19,1,1,28,1
2987,6,1,0,51,1
2988,33,1,0,27,1
2989,12,1,0,26,1
2990,27,1,0,46,1
2991,23,1,0,33,1
2992,47,1,0,29,0
2993,28,1,0,47,1
2994,29,1,0,22,1
2995,33,1,0,33,1
2996,17,0,0,45,0
2997,18,1,0,56,1
2998,27,1,0,21,1
2999,12,1,1,36,1
3000,4,0,0,39,0
3001,20,1,0,52,0
3002,32,1,0,55,1
3003,14,1,1,23,1
3004,16,1,0,44,1
3005,21,1,0,30,1
3006,4,1,0,27,0
3007,14,1,0,49,1
3008,38,0,0,41,0
3009,40,0,1,23,0
3010,9,1,1,18,1
3011,14,1,0,31,1
3012,31,1,1,23,1
3013,30,1,0,34,1
3014,31,1,1,58,1
3015,14,1,1,28,1
3016,14,1,0,30,1
3017,22,1,1,49,1
3018,4,0,0,49,0
3019,9,1,0,48,1
3020,12,1,0,44,1
3021,32,1,0,44,1
3022,13,1,0,51,1
3023,18,1,0,28,1
3024,4,0,1,33,0
3025,31,1,1,25,1
3026,4,0,0,20,0
3027,9,1,0,60,1
3028,4,1,1,29,0
3029,4,0,1,24,0
3030,23,1,1,43,1
3031,4,0,0,41,0
3032,12,1,0,50,1
3033,28,1,1,35,1
3034,20,0,0,26,1
3035,4,0,1,47,0
3036,15,1,0,46,1
3037,14,1,0,55,1
3038,4,1,1,26,1
3039,25,1,0,19,1
3040,30,1,0,24,1
3041,4,1,0,40,1
3042,33,1,0,25,1
3043,16,0,0,21,0
3044,17,1,0,47,1
3045,4,0,0,25,0
3046,23,1,1,43,1
3047,5,0,0,19,0
3048,4,0,0,20,0
3049,20,1,0,44,1
3050,16,1,0,38,1
3051,11,1,0,38,1
3052,8,1,0,43,1
3053,31,1,0,41,1
3054,39,0,0,57,0
3055,31,1,0,24,1
3056,5,1,0,36,1
3057,18,0,0,59,0
3058,20,1,0,26,1
3059,33,1,1,38,1
3060,16,1,1,39,1
3061,17,1,0,36,0
3062,9,1,0,22,1
3063,7,1,1,55,1
3064,23,1,0,56,1
3065,21,1,0,53,1
3066,25,1,0,40,1
3067,9,1,0,21,1
3068,11,1,1,52,1
3069,32,1,1,18,1
3070,26,1,0,33,1
3071,9,1,1,41,1
3072,32,1,0,18,1
3073,32,1,0,56,1
3074,26,1,0,55,1
3075,18,1,0,54,1
3076,25,1,0,23,1
3077,7,1,0,42,1
3078,29,1,1,45,1
3079,9,1,0,50,0
3080,10,1,1,54,1
3081,12,1,1,29,1
3082,31,1,1,23,1
3083,13,1,0,53,1
3084,11,1,0,60,1
3085,19,1,0,21,1
3086,28,1,0,45,1
3087,24,1,0,34,1
3088,25,1,1,48,1
3089,32,1,0,28,1
3090,18,1,1,39,1
3091,16,1,0,18,1
3092,25,1,0,25,1
3093,7,1,1,47,1
3094,21,0,0,31,0
3095,4,0,0,45,0
3096,17,1,0,24,1
3097,28,1,0,37,1
3098,22,0,1,56,0
3099,9,1,0,35,1
3100,34,0,0,42,0
3101,25,0,1,36,1
3102,26,1,0,41,1
3103,24,1,0,54,1
3104,8,1,0,43,1
3105,13,1,1,58,1
3106,4,0,0,30,0
3107,11,1,0,18,1
3108,19,1,0,58,1
3109,20,1,1,44,1
3110,19,1,0,52,1
3111,22,1,1,57,1
3112,6,1,0,35,1
3113,4,0,0,45,0
3114,31,1,0,24,1
3115,22,1,0,36,1
3116,9,0,0,46,0
3117,33,1,1,26,1
3118,5,1,1,55,0
3119,11,1,0,53,1
3120,31,1,0,46,1
3121,19,1,1,53,1
3122,4,0,0,45,0
3123,20,1,1,47,1
3124,4,0,1,60,0
3125,22,1,1,35,1
3126,19,1,1,44,1
3127,48,1,1,28,0
3128,20,1,0,55,1
3129,4,0,1,52,0
3130,30,0,1,51,1
3131,4,1,1,35,1
3132,37,0,0,48,0
3133,9,1,0,43,1
3134,23,1,1,18,1
3135,9,1,0,34,1
3136,15,1,0,22,1
3137,16,1,0,58,0
3138,12,1,0,41,1
3139,32,1,1,20,0
3140,28,1,0,42,1
3141,4,0,1,36,0
3142,4,1,1,27,1
3143,11,1,0,48,1
3144,27,1,1,54,1
3145,9,1,0,42,1
3146,31,1,1,23,1
3147,22,1,1,20,1
3148,26,1,0,53,1
3149,11,1,0,53,1
3150,16,1,1,18,1
3151,32,1,0,18,1
3152,19,1,1,19,1
3153,16,1,0,42,1
3154,4,0,0,36,0
3155,26,1,1,31,1
3156,12,1,0,55,1
3157,20,1,0,36,1
3158,26,1,1,38,1
3159,39,1,1,54,0
3160,20,1,1,31,1
3161,22,0,0,43,1
3162,30,1,0,40,1
3163,23,1,0,59,1
3164,22,0,0,44,0
3165,12,1,1,55,1
3166,4,0,0,50,0
3167,22,1,1,44,1
3168,13,1,0,42,1
3169,14,1,1,31,1
3170,22,0,0,18,0
3171,12,1,1,38,1
3172,7,0,0,23,1
3173,17,1,0,31,1
3174,47,0,1,53,0
3175,32,1,1,50,1
3176,43,0,0,55,0
3177,29,1,0,59,1
3178,31,1,0,27,1
3179,10,1,0,59,1
3180,31,1,0,49,1
3181,13,1,0,39,1
3182,7,1,0,45,1
3183,29,1,1,36,1
3184,25,1,0,54,1
3185,4,1,0,25,1
3186,14,1,0,33,1
3187,4,0,1,43,0
3188,42,0,0,49,0
3189,8,0,1,59,0
3190,16,1,0,58,1
3191,9,1,0,27,1
3192,4,1,0,58,1
3193,25,1,0,20,1
3194,9,1,1,54,1
3195,16,1,0,40,1
3196,29,1,0,22,1
3197,11,1,0,32,1
3198,5,1,1,31,1
3199,49,0,0,36,0
3200,14,1,0,60,1
3201,14,1,0,43,1
3202,39,0,0,25,0
3203,11,0,0,55,1
3204,16,1,1,21,1
3205,18,1,1,49,1
3206,6,1,0,19,1
3207,32,1,1,58,1
3208,23,1,0,22,1
3209,13,1,0,30,1
3210,18,1,0,19,0
3211,4,1,0,54,1
3212,27,1,0,42,1
3213,10,1,0,20,1
3214,17,1,0,23,1
3215,20,1,1,58,1
3216,13,1,0,18,1
3217,4,1,1,31,1
3218,33,1,0,30,1
3219,42,0,1,26,0
3220,4,1,1,36,0
3221,27,1,0,57,1
3222,27,1,1,43,1
3223,7,0,0,49,0
3224,53,0,0,57,0
3225,32,1,0,40,1
3226,4,0,0,56,0
3227,16,1,1,23,1
3228,4,1,0,38,1
3229,30,1,0,43,1
3230,20,1,0,40,1
3231,16,1,0,46,1
3232,12,1,0,60,1
3233,21,1,1,41,1
3234,4,0,0,35,0
3235,25,1,0,38,1
3236,28,0,1,38,0
3237,4,0,1,57,0
3238,26,1,1,54,1
3239,26,0,0,51,1
3240,5,1,1,48,1
3241,29,1,0,28,1
3242,41,0,0,38,0
3243,4,0,0,41,0
3244,53,1,1,42,0
3245,26,1,0,42,1
3246,7,1,0,55,1
3247,13,1,1,47,1
3248,14,0,1,54,1
3249,29,1,0,48,1
3250,11,1,0,49,1
3251,19,1,1,40,1
3252,25,1,0,59,1
3253,47,0,0,38,0
3254,5,0,1,44,0
3255,29,1,0,53,1
3256,39,0,0,55,0
3257,4,0,1,32,0
3258,20,0,1,25,0
3259,9,1,0,32,1
3260,5,1,0,50,1
3261,48,1,1,51,0
3262,4,1,0,50,1
3263,17,1,0,23,1
3264,4,1,0,43,0
3265,7,1,0,42,1
3266,12,1,1,30,1
3267,17,1,0,50,1
3268,30,1,0,22,1
3269,18,1,0,39,1
3270,52,1,0,58,0
3271,18,1,0,47,1
3272,24,1,1,26,1
3273,7,1,1,51,1
3274,26,1,1,21,1
3275,4,1,1,40,1
3276,32,1,0,35,1
3277,7,1,0,47,0
3278,27,1,1,35,1
3279,10,1,0,56,1
3280,16,1,1,22,1
3281,4,0,0,55,0
3282,25,0,0,59,0
3283,7,1,0,32,1
3284,17,0,0,57,0
3285,13,1,0,57,1
3286,24,1,0,22,1
3287,15,0,0,35,0
3288,20,1,0,51,1
3289,10,1,0,53,1
3290,16,1,1,24,1
3291,6,1,0,51,1
3292,32,1,1,27,1
3293,25,1,1,23,1
3294,21,1,0,34,1
3295,20,1,0,46,1
3296,30,1,0,32,1
3297,27,1,0,34,1
3298,19,1,1,18,1
3299,22,1,0,30,1
3300,9,1,1,29,1
3301,24,1,0,33,1
3302,7,1,0,29,1
3303,11,1,0,52,1
3304,9,0,1,45,1
3305,12,1,0,27,1
3306,16,1,0,40,1
3307,9,1,0,24,1
3308,29,1,1,55,1
3309,17,1,1,20,1
3310,17,1,0,59,1
3311,36,0,1,31,0
3312,8,1,0,23,1
3313,20,1,0,47,1
3314,25,1,0,47,1
3315,51,0,0,56,0
3316,13,1,0,24,1
3317,24,1,1,43,1
3318,44,0,1,47,0
3319,29,1,1,52,1
3320,25,1,0,31,1
3321,10,1,0,50,1
3322,19,1,0,45,1
3323,9,1,0,44,1
3324,31,1,1,24,1
3325,29,1,0,35,1
3326,26,1,1,31,1
3327,31,1,0,41,1
3328,20,1,0,36,1
3329,4,1,0,57,0
3330,4,0,0,18,0
3331,14,0,1,20,0
3332,4,0,1,36,1
3333,4,1,0,57,0
3334,28,1,1,43,1
3335,12,1,0,57,1
3336,27,1,0,58,1
3337,18,1,0,55,1
3338,4,0,0,33,0
3339,21,1,1,43,1
3340,22,1,0,50,1
3341,31,1,0,21,1
3342,18,1,0,34,1
3343,12,1,0,47,1
3344,31,0,0,25,1
3345,13,1,1,42,1
3346,25,1,1,53,1
3347,31,1,0,25,1
3348,18,1,0,53,1
3349,30,1,0,32,1
3350,4,1,1,34,1
3351,8,1,0,51,1
3352,8,1,0,31,1
3353,17,1,1,53,0
3354,17,0,1,56,1
3355,22,1,1,35,1
3356,15,1,1,54,1
3357,8,1,1,58,1
3358,8,1,0,58,1
3359,16,1,0,22,1
3360,18,1,1,36,1
3361,30,1,1,34,1
3362,10,1,1,60,1
3363,45,0,1,50,0
3364,10,1,0,37,1
3365,50,1,1,40,0
3366,32,1,1,47,1
3367,7,1,0,44,1
3368,5,1,0,40,1
3369,23,1,1,44,1
3370,5,1,0,59,1
3371,24,1,0,45,1
3372,14,1,0,59,1
3373,23,1,0,60,1
3374,23,1,0,60,1
3375,33,1,1,37,1
3376,13,1,0,29,1
3377,12,1,0,50,1
3378,15,1,0,46,1
3379,12,1,0,39,1
3380,14,1,1,40,1
3381,8,1,0,57,1
3382,27,1,1,47,1
3383,9,1,1,55,1
3384,13,1,1,37,1
3385,29,1,1,42,1
3386,33,1,0,42,1
3387,22,0,0,31,0
3388,49,0,1,58,0
3389,11,1,0,44,1
3390,35,0,0,34,0
3391,13,1,1,45,1
3392,5,1,0,18,1
3393,23,1,0,52,1
3394,31,1,0,19,1
3395,12,1,1,37,1
3396,25,1,0,51,1
3397,23,1,0,24,1
3398,16,1,0,33,1
3399,4,1,0,51,1
3400,22,1,1,22,1
3401,14,0,1,55,0
3402,31,1,1,58,1
3403,44,0,0,21,0
3404,6,1,1,60,1
3405,28,1,0,59,1
3406,14,1,1,59,1
3407,5,1,0,50,1
3408,25,1,0,18,0
3409,4,0,1,47,0
3410,12,1,1,18,1
3411,6,1,1,28,1
3412,29,1,0,52,1
3413,31,1,1,59,1
3414,23,0,0,56,0
3415,12,1,1,59,1
3416,26,1,0,32,1
3417,29,1,0,36,1
3418,27,1,0,28,1
3419,6,1,0,31,1
3420,33,1,1,56,1
3421,33,1,1,31,1
3422,10,1,0,51,1
3423,8,1,0,41,1
3424,8,1,0,58,1
3425,20,1,0,42,1
3426,29,0,0,24,0
3427,11,1,1,43,1
3428,16,1,0,25,1
3429,5,1,1,31,1
3430,33,1,0,20,1
3431,20,1,0,27,1
3432,51,1,0,55,0
3433,31,1,0,56,1
3434,5,0,1,38,1
3435,25,1,1,20,1
3436,11,1,0,36,1
3437,30,1,1,48,1
3438,4,1,1,55,1
3439,28,1,0,53,1
3440,12,1,0,48,1
3441,8,1,1,57,1
3442,10,1,0,55,1
3443,32,0,1,57,0
3444,4,0,1,50,0
3445,4,0,0,57,0
3446,5,1,0,50,1
3447,17,1,0,22,1
3448,14,1,1,43,1
3449,18,1,0,19,1
3450,21,1,0,58,1
3451,11,1,0,58,1
3452,21,1,0,49,1
3453,4,0,1,40,0
3454,33,0,1,20,1
3455,13,1,0,46,1
3456,12,1,1,40,1
3457,21,1,1,34,1
3458,22,1,0,53,1
3459,8,1,0,21,1
3460,4,0,0,36,0
3461,12,1,0,26,1
3462,4,1,0,40,1
3463,36,1,0,50,0
3464,32,1,0,54,1
3465,5,0,1,25,0
3466,31,1,1,22,1
3467,15,1,1,57,1
3468,31,1,0,60,1
3469,15,1,0,26,1
3470,4,1,1,36,1
3471,5,1,0,32,1
3472,24,1,0,59,1
3473,16,1,0,22,1
3474,26,1,1,30,1
3475,14,1,1,37,1
3476,19,1,0,23,1
3477,14,1,0,35,1
3478,26,0,0,28,1
3479,16,1,0,44,1
3480,4,1,1,38,1
3481,31,1,1,58,1
3482,37,0,0,60,0
3483,30,1,1,19,1
3484,11,1,0,21,1
3485,19,1,1,24,1
3486,33,0,1,49,1
3487,26,1,0,18,1
3488,49,0,0,18,0
3489,30,1,1,36,1
3490,16,1,1,21,1
3491,20,1,0,52,1
3492,44,0,0,38,0
3493,27,1,0,28,1
3494,4,0,0,51,0
3495,30,1,1,30,1
3496,17,1,0,39,1
3497,32,1,0,26,1
3498,9,0,1,53,1
3499,32,1,0,19,1
3500,25,1,0,41,1
3501,29,1,0,45,1
3502,33,1,0,40,1
3503,22,1,1,30,1
3504,30,1,1,24,0
3505,19,1,1,29,1
3506,5,1,0,30,1
3507,20,1,1,50,1
3508,7,1,0,37,1
3509,25,1,1,51,1
3510,33,1,0,49,1
3511,12,1,0,32,1
3512,4,0,0,44,0
3513,29,1,1,30,1
3514,19,1,0,31,1
3515,4,1,1,56,1
3516,30,1,0,38,1
3517,20,1,0,51,1
3518,47,0,0,24,0
3519,5,1,1,39,1
3520,30,1,0,37,1
3521,25,1,0,47,1
3522,19,1,0,43,1
3523,31,0,0,23,1
3524,8,1,0,51,1
3525,10,1,0,47,1
3526,26,1,1,32,1
3527,4,1,0,29,0
3528,7,1,1,41,1
3529,25,0,0,32,1
3530,13,1,1,28,1
3531,33,1,0,27,1
3532,7,1,0,45,1
3533,20,1,0,48,1
3534,10,1,0,41,1
3535,28,0,0,56,0
3536,16,1,1,41,1
3537,27,1,1,31,1
3538,12,0,0,32,0
3539,9,1,0,39,1
3540,9,1,0,37,1
3541,8,1,0,56,1
3542,15,1,0,30,1
3543,10,1,1,29,1
3544,28,1,1,56,1
3545,4,1,0,60,0
3546,14,1,0,44,1
3547,32,1,0,45,1
3548,17,1,0,52,1
3549,22,1,0,54,1
3550,4,1,0,54,0
3551,4,1,1,31,1
3552,22,1,0,52,1
3553,12,1,1,48,1
3554,35,0,0,27,0
3555,29,1,0,59,1
3556,15,1,0,53,1
3557,27,1,1,41,1
3558,22,1,0,48,1
3559,20,1,1,36,1
3560,30,1,0,22,1
3561,27,1,0,24,1
3562,23,1,1,22,1
3563,24,1,1,19,1
3564,51,0,0,19,0
3565,23,1,0,23,1
3566,11,1,0,54,1
3567,21,1,0,18,1
3568,44,0,0,31,0
3569,42,1,1,53,0
3570,26,0,0,51,1
3571,5,0,0,22,1
3572,16,1,0,54,1
3573,22,1,0,28,1
3574,14,1,1,29,1
3575,16,0,1,35,0
3576,26,1,1,51,1
3577,31,1,0,22,0
3578,26,1,1,23,1
3579,12,1,0,51,1
3580,8,1,0,26,1
3581,31,1,1,37,1
3582,27,0,0,28,0
3583,9,1,0,18,1
3584,25,1,0,22,1
3585,40,0,0,34,0
3586,12,1,0,41,1
3587,8,1,0,57,1
3588,29,1,0,60,1
3589,6,1,0,51,1
3590,31,1,0,23,1
3591,12,1,0,49,0
3592,5,1,0,22,1
3593,26,1,1,51,0
3594,5,1,0,21,1
3595,27,0,0,47,1
3596,23,0,0,45,0
3597,9,1,0,29,1
3598,4,0,0,45,0
3599,15,1,1,37,1
3600,11,1,0,20,1
3601,4,0,0,22,0
3602,19,1,1,50,1
3603,7,1,1,24,1
3604,25,1,1,28,1
3605,25,1,1,23,1
3606,4,1,1,27,1
3607,5,1,0,47,1
3608,45,0,1,51,0
3609,5,1,0,31,1
3610,23,1,0,35,1
3611,22,1,1,22,1
3612,28,1,0,55,1
3613,16,1,1,21,1
3614,29,1,0,40,1
3615,27,0,0,36,0
3616,13,1,1,24,1
3617,33,1,1,27,1
3618,15,1,1,59,1
3619,30,1,1,45,1
3620,27,1,0,46,1
3621,7,1,0,51,1
3622,32,1,1,35,1
3623,30,1,1,41,1
3624,46,0,0,54,0
3625,53,0,0,47,0
3626,31,0,1,48,0
3627,20,1,0,53,1
3628,19,1,1,43,1
3629,15,1,0,30,1
3630,39,0,1,56,0
3631,35,0,0,57,0
3632,23,1,0,35,1
3633,25,1,0,37,1
3634,14,1,1,26,1
3635,31,1,0,53,1
3636,23,0,0,32,1
3637,31,1,1,35,1
3638,15,1,0,56,1
3639,6,1,0,40,1
3640,25,1,0,25,1
3641,4,0,1,53,0
3642,8,1,1,43,1
3643,24,1,0,52,1
3644,32,1,0,41,1
3645,9,1,1,54,1
3646,11,1,0,53,1
3647,7,1,1,33,1
3648,13,1,1,26,1
3649,23,1,1,45,1
3650,16,1,0,52,1
3651,21,1,0,39,1
3652,25,1,1,40,1
3653,20,0,0,60,0
3654,26,1,1,33,1
3655,8,0,1,23,0
3656,17,1,1,53,1
3657,31,1,0,46,1
3658,31,0,0,48,1
3659,8,1,0,57,1
3660,26,1,0,52,1
3661,32,1,1,31,1
3662,33,0,1,50,0
3663,25,1,0,57,1
3664,23,1,1,20,1
3665,36,0,1,44,0
3666,9,1,1,24,1
3667,23,1,0,48,1
3668,21,1,0,36,1
3669,18,1,0,22,1
3670,14,1,0,46,1
3671,24,1,1,26,1
3672,19,1,0,18,1
3673,31,1,1,41,1
3674,29,1,1,43,1
3675,5,1,1,47,1
3676,12,1,0,57,1
3677,31,1,1,50,1
3678,17,0,1,45,0
3679,4,1,1,52,0
3680,9,1,1,22,1
3681,10,1,0,48,1
3682,16,1,0,50,1
3683,18,1,0,44,1
3684,13,1,1,23,0
3685,31,1,0,53,1
3686,4,0,0,22,0
3687,9,1,0,28,1
3688,29,1,0,58,1
3689,13,0,0,57,1
3690,31,1,0,38,1
3691,24,0,1,46,0
3692,14,0,0,37,0
3693,6,1,0,58,1
3694,12,1,1,58,1
3695,22,1,1,19,1
3696,14,1,0,54,1
3697,18,1,0,46,1
3698,13,0,1,35,1
3699,17,0,1,55,0
3700,4,1,1,20,1
3701,17,0,0,45,0
3702,22,1,1,22,1
3703,4,0,1,48,0
3704,37,0,0,32,0
3705,23,1,0,27,1
3706,20,1,0,57,1
3707,4,0,0,18,0
3708,25,1,0,35,1
3709,20,1,0,35,1
3710,32,1,0,36,0
3711,27,1,0,31,1
3712,29,1,1,41,1
3713,4,0,1,18,0
3714,32,1,1,45,1
3715,12,1,0,54,1
3716,20,1,0,51,1
3717,22,0,0,60,1
3718,9,1,1,53,1
3719,5,1,0,28,1
3720,5,1,0,51,1
3721,25,1,1,49,1
3722,26,1,0,50,1
3723,27,1,0,50,1
3724,22,0,1,58,0
3725,4,1,1,57,1
3726,4,0,0,46,0
3727,25,0,0,38,0
3728,29,1,1,24,1
3729,17,1,1,59,1
3730,24,1,1,28,1
3731,13,1,0,25,1
3732,4,1,0,20,1
3733,26,1,0,60,0
3734,32,1,0,52,1
3735,9,1,0,60,1
3736,17,1,0,48,1
3737,9,1,0,26,1
3738,13,1,1,35,1
3739,25,1,0,25,1
3740,7,1,1,25,1
3741,21,1,0,50,1
3742,7,0,0,42,0
3743,32,1,0,47,1
3744,8,1,0,43,1
3745,28,1,1,50,1
3746,33,1,1,27,1
3747,21,1,1,33,1
3748,12,0,1,41,0
3749,5,1,0,47,1
3750,6,1,0,51,1
3751,7,1,0,22,1
3752,15,1,1,30,1
3753,27,1,0,60,1
3754,4,1,0,50,0
3755,45,0,0,53,0
3756,31,1,0,19,1
3757,19,1,1,30,1
3758,7,1,0,41,1
3759,27,1,0,50,1
3760,18,1,1,48,1
3761,27,1,1,37,1
3762,4,0,0,40,0
3763,4,0,0,48,0
3764,25,1,0,43,1
3765,11,1,1,33,1
3766,10,1,0,40,1
3767,27,1,0,18,1
3768,28,1,1,56,1
3769,8,1,0,25,1
3770,10,1,0,35,1
3771,28,1,1,53,1
3772,13,1,0,36,1
3773,21,1,1,35,1
3774,17,1,0,43,1
3775,28,1,0,49,1
3776,8,0,0,41,0
3777,12,1,0,28,1
3778,6,1,0,39,1
3779,20,1,0,27,1
3780,24,1,0,45,1
3781,27,1,0,40,1
3782,4,1,0,42,1
3783,18,1,1,18,1
3784,22,1,0,41,1
3785,7,1,1,28,1
3786,23,1,0,32,1
3787,6,1,0,47,1
3788,26,1,0,29,1
3789,32,1,1,38,1
3790,8,1,0,19,1
3791,23,1,1,53,1
3792,22,1,0,34,1
3793,24,1,0,27,1
3794,22,1,1,18,1
3795,6,1,0,49,1
3796,19,0,0,52,0
3797,14,1,0,58,1
3798,18,1,0,36,1
3799,17,1,0,41,1
3800,32,1,0,55,0
3801,8,1,1,34,1
3802,16,1,0,24,1
3803,25,1,0,31,1
3804,32,1,0,57,1
3805,22,1,1,53,1
3806,6,1,1,35,1
3807,22,1,1,41,1
3808,4,0,0,58,0
3809,4,0,0,39,0
3810,33,1,0,24,0
3811,13,1,1,30,1
3812,10,1,0,18,0
3813,26,1,0,30,1
3814,22,1,1,36,0
3815,4,0,0,60,0
3816,6,1,0,18,1
3817,4,0,0,55,0
3818,52,0,0,40,0
3819,15,1,1,52,1
3820,27,1,1,41,1
3821,6,1,0,56,1
3822,32,0,1,50,1
3823,22,0,0,27,0
3824,27,1,0,36,1
3825,23,0,1,25,0
3826,25,0,0,56,1
3827,19,0,0,43,0
3828,29,1,1,34,1
3829,25,0,1,58,0
3830,20,1,1,55,1
3831,26,1,1,57,1
3832,4,1,0,22,0
3833,14,1,0,50,1
3834,27,1,1,35,1
3835,12,1,0,26,1
3836,10,1,0,48,1
3837,4,0,1,18,0
3838,26,1,1,22,1
3839,6,1,1,51,1
3840,29,1,1,54,1
3841,21,1,0,25,1
3842,28,1,1,23,1
3843,8,1,1,40,1
3844,4,1,1,22,1
3845,10,1,1,27,1
3846,39,1,0,24,0
3847,17,1,0,56,1
3848,31,1,0,49,1
3849,13,0,1,44,1
3850,21,1,0,30,1
3851,22,1,0,20,1
3852,9,1,0,20,1
3853,27,1,1,45,1
3854,4,1,0,37,0
3855,5,1,1,46,1
3856,27,1,0,58,1
3857,25,1,1,26,1
3858,21,1,1,46,1
3859,16,1,0,20,1
3860,29,1,1,43,1
3861,29,1,0,59,1
3862,17,1,0,20,1
3863,13,0,0,60,0
3864,45,1,0,58,0
3865,19,1,1,48,1
3866,49,1,0,32,0
3867,29,1,0,23,0
3868,4,0,0,25,0
3869,4,1,0,35,1
3870,17,1,0,55,1
3871,5,1,0,32,1
3872,4,1,0,38,1
3873,31,0,0,45,1
3874,53,0,0,48,0
3875,13,1,0,25,1
3876,6,1,0,20,1
3877,5,1,1,35,1
3878,28,1,1,58,1
3879,25,1,0,40,1
3880,22,1,1,22,1
3881,10,1,0,28,1
3882,33,1,0,40,1
3883,31,1,0,47,1
3884,36,0,1,38,0
3885,18,1,0,39,1
3886,32,0,1,18,1
3887,20,1,0,49,1
3888,25,0,0,35,0
3889,15,0,1,31,0
3890,20,1,0,25,1
3891,8,1,0,57,1
3892,47,0,0,37,0
3893,15,1,0,38,1
3894,15,1,0,27,1
3895,18,1,0,46,1
3896,45,0,0,38,0
3897,12,1,1,55,1
3898,6,1,1,44,1
3899,13,1,0,18,1
3900,53,0,0,31,0
3901,53,0,1,58,0
3902,13,0,0,18,1
3903,16,0,0,29,0
3904,5,1,0,57,1
3905,19,1,0,37,1
3906,26,1,0,43,1
3907,7,1,1,46,1
3908,4,0,0,56,0
3909,12,1,0,37,1
3910,12,1,1,46,1
3911,28,0,1,26,1
3912,44,0,0,44,0
3913,14,1,1,38,1
3914,31,1,0,29,1
3915,5,1,0,41,1
3916,17,1,0,28,1
3917,21,0,0,25,0
3918,11,1,0,45,1
3919,15,1,0,57,1
3920,10,1,0,49,1
3921,13,0,1,31,1
3922,9,1,0,55,1
3923,24,0,0,45,0
3924,23,1,0,27,1
3925,33,0,1,50,0
3926,28,1,1,60,1
3927,11,1,0,31,1
3928,8,1,1,34,1
3929,26,1,1,25,1
3930,4,0,1,52,0
3931,31,1,0,29,1
3932,10,1,0,28,1
3933,42,1,0,38,0
3934,23,1,0,42,1
3935,15,1,1,54,1
3936,53,0,0,27,0
3937,4,0,0,20,0
3938,6,1,1,37,1
3939,30,1,1,33,0
3940,11,0,1,27,1
3941,25,1,1,36,1
3942,10,1,1,31,1
3943,9,1,0,32,1
3944,28,1,0,60,1
3945,18,1,0,32,1
3946,10,1,0,28,1
3947,16,1,0,42,1
3948,18,0,0,31,0
3949,19,1,1,53,1
3950,8,1,0,37,1
3951,14,1,0,59,1
3952,9,1,0,37,1
3953,4,0,1,37,0
3954,20,1,0,39,1
3955,5,1,0,42,1
3956,26,1,0,19,1
3957,28,1,0,49,1
3958,21,0,1,58,1
3959,48,1,0,45,0
3960,33,0,1,32,0
3961,28,0,0,27,1
3962,13,1,0,60,1
3963,22,1,0,39,1
3964,22,1,1,59,1
3965,10,1,1,34,1
3966,30,1,0,50,0
3967,11,1,1,21,1
3968,27,1,0,45,1
3969,25,1,1,42,1
3970,52,0,0,39,0
3971,20,1,0,55,1
3972,46,0,0,18,0
3973,7,0,0,22,0
3974,51,1,1,52,0
3975,25,1,1,38,1
3976,25,1,0,45,1
3977,17,1,1,35,1
3978,47,0,1,45,0
3979,9,1,0,38,1
3980,27,1,0,60,1
3981,29,1,1,49,1
3982,25,1,1,31,1
3983,8,1,1,25,1
3984,24,1,1,19,1
3985,21,1,0,38,1
3986,33,1,0,52,1
3987,21,1,1,22,1
3988,12,1,1,57,1
3989,22,1,0,40,1
3990,26,1,0,37,1
3991,19,1,0,52,1
3992,30,1,0,32,1
3993,5,1,0,55,1
3994,6,1,0,47,1
3995,23,1,1,31,1
3996,49,0,0,32,0
3997,5,1,0,36,1
3998,18,1,0,18,1
3999,36,0,0,24,0
4000,20,1,1,31,1
4001,14,1,0,58,1
4002,16,0,1,40,0
4003,20,0,0,31,1
4004,22,1,0,45,1
4005,11,1,0,29,1
4006,23,1,1,51,1
4007,16,1,1,35,1
4008,24,1,0,23,1
4009,22,1,1,51,1
4010,6,1,0,22,1
4011,23,0,0,51,0
4012,22,1,0,21,1
4013,45,0,1,35,0
4014,30,1,0,54,1
4015,37,1,1,36,0
4016,13,1,0,44,0
4017,30,1,0,59,1
4018,18,0,1,43,0
4019,4,1,0,31,0
4020,4,1,1,18,1
4021,12,1,0,54,0
4022,20,1,1,55,1
4023,49,0,0,46,0
4024,11,1,0,39,1
4025,16,1,0,20,1
4026,13,1,1,57,1
4027,19,1,0,37,1
4028,13,1,0,38,1
4029,23,1,0,55,1
4030,32,1,1,25,1
4031,6,1,0,37,1
4032,24,1,1,56,1
4033,19,1,1,38,1
4034,50,1,0,60,0
4035,4,0,1,21,0
4036,17,1,1,32,1
4037,16,1,1,40,1
4038,22,1,1,18,1
4039,13,1,0,48,1
4040,21,1,1,24,1
4041,16,1,0,51,1
4042,48,1,0,55,0
4043,23,1,0,20,1
4044,27,1,0,31,1
4045,15,0,0,50,0
4046,25,1,0,43,0
4047,45,0,0,58,0
4048,10,1,0,58,1
4049,29,1,0,53,1
4050,19,1,0,24,1
4051,18,1,1,45,1
4052,29,1,0,59,1
4053,4,1,0,56,0
4054,4,0,1,48,0
4055,7,1,1,35,1
4056,11,1,1,22,1
4057,10,1,1,58,1
4058,15,1,0,46,1
4059,19,1,0,24,1
4060,5,1,1,23,1
4061,33,1,0,55,1
4062,17,1,0,50,1
4063,6,1,1,50,1
4064,7,1,0,49,1
4065,4,1,0,34,1
4066,33,1,0,43,1
4067,4,0,0,50,0
4068,8,1,0,43,1
4069,8,1,0,24,1
4070,13,0,0,50,0
4071,24,1,1,36,1
4072,38,0,0,43,0
4073,27,1,0,35,1
4074,13,0,0,39,0
4075,17,1,1,33,1
4076,33,1,1,57,1
4077,19,0,0,41,1
4078,30,1,0,50,1
4079,31,1,1,50,1
4080,10,1,1,40,1
4081,29,1,0,18,1
4082,23,1,0,48,1
4083,4,1,0,20,0
4084,14,1,0,46,1
4085,4,0,0,32,0
4086,11,1,1,35,1
4087,6,1,0,32,1
4088,33,1,1,49,1
4089,18,1,1,24,0
4090,33,1,1,34,1
4091,5,1,0,49,1
4092,28,1,0,41,1
4093,14,1,0,19,1
4094,46,1,0,49,0
4095,26,1,0,34,1
4096,14,1,0,23,1
4097,5,0,0,46,0
4098,47,0,0,54,0
4099,4,0,1,27,0
4100,6,1,0,27,1
4101,33,1,0,31,1
4102,11,1,0,40,1
4103,33,1,0,56,1
4104,20,1,1,57,1
4105,41,1,1,44,0
4106,26,0,1,35,0
4107,12,1,0,57,1
4108,14,1,0,45,1
4109,43,0,1,29,0
4110,15,0,1,52,0
4111,8,0,0,20,0
4112,6,1,1,21,1
4113,12,1,0,46,1
4114,13,1,0,32,1
4115,31,1,1,30,1
4116,23,1,1,26,1
4117,20,1,1,47,1
4118,4,0,1,19,0
4119,7,1,0,18,1
4120,20,1,1,54,1
4121,16,0,0,36,0
4122,8,0,1,59,0
4123,23,1,0,34,1
4124,17,1,0,35,1
4125,4,0,0,37,0
4126,30,1,0,34,1
4127,12,1,0,23,1
4128,10,0,1,55,0
4129,25,1,0,32,1
4130,48,0,1,21,0
4131,31,0,1,23,0
4132,33,1,1,25,1
4133,15,1,1,38,0
4134,12,1,1,21,1
4135,13,1,0,24,1
4136,34,0,1,48,0
4137,5,1,0,24,1
4138,18,1,0,59,1
4139,30,1,0,28,1
4140,12,1,1,48,1
4141,5,1,1,19,1
4142,6,0,0,45,0
4143,15,0,0,20,0
4144,18,0,0,25,0
4145,12,1,0,29,1
4146,16,0,0,57,0
4147,13,1,0,30,1
4148,13,1,0,23,1
4149,30,1,1,52,1
4150,31,0,0,41,0
4151,20,1,0,38,1
4152,10,1,0,38,1
4153,23,1,1,38,1
4154,18,1,0,55,1
4155,14,1,1,36,1
4156,29,1,0,25,1
4157,4,0,0,42,0
4158,28,1,0,39,1
4159,16,1,1,56,1
4160,25,0,0,20,1
4161,27,1,0,51,1
4162,19,0,0,44,0
4163,20,1,0,42,1
4164,21,1,0,22,1
4165,19,1,0,23,1
4166,49,1,0,41,0
4167,42,0,0,26,0
4168,17,1,1,46,1
4169,5,1,0,37,1
4170,12,1,0,52,1
4171,27,1,0,29,1
4172,9,1,1,36,1
4173,12,0,1,53,0
4174,9,1,1,51,1
4175,25,1,0,59,1
4176,10,1,0,26,1
4177,27,1,0,29,1
4178,22,1,1,42,1
4179,13,0,0,27,1
4180,21,1,1,52,1
4181,10,0,0,50,0
4182,30,1,0,60,1
4183,18,1,1,54,1
4184,8,1,0,26,1
4185,21,1,0,19,1
4186,16,0,0,38,1
4187,27,1,1,40,1
4188,22,0,0,42,0
4189,28,1,0,51,1
4190,26,1,0,49,1
4191,15,1,1,59,1
4192,4,0,1,23,0
4193,32,1,0,37,1
4194,31,1,0,26,1
4195,27,0,1,58,0
4196,11,1,1,53,1
4197,29,1,0,47,1
4198,13,1,0,19,1
4199,4,0,0,51,0
4200,11,1,0,43,1
4201,21,1,0,55,1
4202,4,0,0,26,0
4203,15,1,0,52,1
4204,17,1,1,45,1
4205,50,0,1,19,0
4206,28,1,0,58,1
4207,25,1,0,28,1
4208,21,1,0,37,1
4209,35,1,0,52,0
4210,16,0,0,21,0
4211,12,1,0,31,1
4212,27,1,0,24,1
4213,29,1,1,53,1
4214,19,1,0,22,1
4215,6,1,0,29,1
4216,13,1,1,34,1
4217,12,1,0,27,1
4218,32,1,0,46,1
4219,16,0,0,33,1
4220,9,1,0,32,1
4221,13,1,0,58,1
4222,25,1,0,32,1
4223,4,1,0,34,1
4224,9,1,0,23,1
4225,15,1,1,48,1
4226,26,1,0,47,1
4227,4,1,0,25,1
4228,30,1,0,23,1
4229,31,1,1,45,1
4230,17,1,1,28,1
4231,20,0,1,32,0
4232,15,1,0,52,1
4233,27,1,0,24,1
4234,23,1,1,56,1
4235,18,1,1,33,1
4236,24,1,1,51,1
4237,26,1,0,26,1
4238,10,1,0,53,1
4239,24,1,0,23,1
4240,46,1,0,46,0
4241,18,1,0,49,1
4242,14,1,0,55,1
4243,23,1,1,29,1
4244,6,1,0,46,1
4245,20,1,0,56,1
4246,33,1,1,30,1
4247,18,1,1,52,1
4248,12,1,0,48,1
4249,21,1,0,20,0
4250,8,1,0,52,1
4251,18,1,0,37,1
4252,14,0,0,31,0
4253,35,1,0,27,0
4254,14,1,1,58,1
4255,16,1,0,41,1
4256,7,1,0,35,1
4257,29,1,1,58,1
4258,16,1,1,19,1
4259,31,1,0,20,0
4260,33,1,0,59,1
4261,6,0,0,21,1
4262,24,1,0,39,1
4263,52,0,0,25,0
4264,22,0,0,50,0
4265,9,1,0,24,1
4266,16,1,1,23,1
4267,7,1,0,18,1
4268,15,1,0,53,1
4269,4,0,0,58,0
4270,13,1,0,23,1
4271,19,1,0,35,1
4272,26,1,0,46,1
4273,9,1,0,58,1
4274,8,1,1,59,1
4275,30,1,0,48,1
4276,33,1,0,40,1
4277,27,0,0,55,0
4278,10,1,1,44,1
4279,4,1,0,54,0
4280,40,1,1,55,0
4281,20,1,0,38,1
4282,29,1,1,52,1
4283,13,1,0,32,1
4284,41,0,1,45,0
4285,50,0,0,32,0
4286,10,1,1,56,1
4287,21,1,1,20,1
4288,12,1,1,26,1
4289,27,1,0,24,1
4290,4,0,1,35,0
4291,22,1,0,19,1
4292,7,1,0,45,1
4293,6,1,0,29,1
4294,4,0,1,56,0
4295,30,1,0,59,1
4296,30,1,1,55,0
4297,18,1,0,52,1
4298,5,1,1,53,1
4299,16,1,1,50,1
4300,5,1,0,58,1
4301,40,0,0,32,0
4302,25,1,0,54,1
4303,28,1,0,33,1
4304,25,1,0,27,1
4305,41,1,0,54,0
4306,10,1,0,31,1
4307,31,1,1,19,1
4308,29,1,0,23,1
4309,24,1,1,46,1
4310,10,1,0,25,1
4311,33,1,1,49,1
4312,16,1,0,42,1
4313,31,1,0,25,0
4314,9,1,1,39,1
4315,10,1,0,50,1
4316,9,1,0,28,1
4317,5,1,0,50,1
4318,26,1,1,39,1
4319,26,1,0,18,1
4320,21,1,0,54,1
4321,27,1,1,34,1
4322,6,1,0,48,0
4323,26,1,0,19,1
4324,10,1,0,41,1
4325,17,1,0,47,1
4326,7,1,1,57,1
4327,12,1,0,33,1
4328,28,1,1,49,1
4329,33,1,1,28,1
4330,25,1,1,23,1
4331,19,1,0,55,1
4332,22,1,0,56,1
4333,23,1,1,28,1
4334,8,1,0,53,1
4335,6,1,0,23,1
4336,21,1,0,29,1
4337,22,1,0,23,1
4338,7,1,1,34,1
4339,30,1,1,40,1
4340,11,1,0,50,1
4341,4,0,1,20,0
4342,30,1,0,45,1
4343,6,1,0,38,1
4344,4,0,0,51,0
4345,29,1,0,25,1
4346,7,0,1,29,1
4347,18,1,1,39,1
4348,4,1,0,50,1
4349,18,1,1,37,1
4350,27,1,1,52,0
4351,37,1,0,26,0
4352,31,1,0,20,1
4353,9,1,0,49,1
4354,29,1,1,24,1
4355,24,1,1,46,1
4356,9,1,0,55,1
4357,27,1,0,21,1
4358,5,1,1,60,1
4359,19,1,0,18,1
4360,30,1,0,31,1
4361,25,1,1,37,1
4362,19,1,0,24,1
4363,6,1,0,49,1
4364,18,1,1,20,1
4365,26,1,0,26,1
4366,17,0,1,40,1
4367,7,1,1,24,1
4368,5,0,1,34,1
4369,24,1,1,55,1
4370,25,1,1,58,1
4371,23,1,0,37,1
4372,21,0,1,41,1
4373,4,0,1,25,0
4374,29,0,1,27,0
4375,29,1,0,55,1
4376,32,1,0,26,1
4377,12,1,0,30,1
4378,11,1,0,58,1
4379,25,1,0,19,1
4380,21,1,0,32,1
4381,31,1,0,50,1
4382,28,0,0,35,0
4383,46,1,1,54,0
4384,38,1,1,34,0
4385,26,1,0,40,1
4386,4,0,1,32,0
4387,17,1,0,42,1
4388,52,0,1,49,0
4389,31,1,1,19,1
4390,25,1,1,41,1
4391,24,1,0,50,1
4392,11,1,0,47,1
4393,9,0,1,52,0
4394,10,0,1,60,0
4395,30,1,0,49,1
4396,15,0,0,41,1
4397,41,1,0,31,0
4398,29,0,0,60,0
4399,34,0,0,56,0
4400,23,1,1,33,1
4401,28,0,0,48,0
4402,5,0,0,25,0
4403,16,1,0,52,1
4404,24,0,0,47,1
4405,27,1,1,59,1
4406,33,1,0,46,1
4407,27,1,0,56,1
4408,23,1,0,59,1
4409,33,1,0,58,1
4410,28,1,1,58,1
4411,20,1,0,49,1
4412,9,1,1,24,1
4413,26,0,1,35,0
4414,16,1,1,47,1
4415,12,1,0,40,1
4416,31,1,1,23,1
4417,30,1,1,45,1
4418,11,1,1,34,1
4419,4,1,0,27,1
4420,37,1,0,40,0
4421,21,1,1,43,1
4422,28,1,0,28,1
4423,17,1,0,19,1
4424,20,0,0,54,0
4425,16,1,1,22,1
4426,27,1,1,59,1
4427,49,1,0,43,0
4428,18,1,1,44,1
4429,14,0,1,42,0
4430,4,0,0,29,0
4431,12,1,1,59,1
4432,4,0,0,26,0
4433,18,1,1,36,1
4434,28,1,0,59,1
4435,28,1,1,58,0
4436,9,0,1,56,0
4437,31,0,1,60,1
4438,22,1,0,45,1
4439,28,0,1,24,1
4440,15,0,0,50,0
4441,24,1,0,34,1
4442,14,1,0,45,1
4443,19,1,0,26,1
4444,25,1,0,47,1
4445,4,1,1,59,1
4446,4,0,0,26,0
4447,23,1,0,23,1
4448,6,1,0,29,1
4449,13,1,1,27,0
4450,4,0,0,31,0
4451,20,1,1,48,1
4452,11,1,1,35,0
4453,23,1,0,24,1
4454,22,1,0,37,1
4455,7,1,1,43,1
4456,18,1,0,56,1
4457,26,1,1,52,1
4458,15,0,0,22,1
4459,19,1,0,48,1
4460,31,1,0,27,1
4461,13,1,0,29,1
4462,11,1,0,53,1
4463,4,0,1,30,0
4464,13,1,0,30,1
4465,6,1,1,51,1
4466,21,1,0,38,1
4467,10,1,1,51,1
4468,29,1,0,20,1
4469,6,1,0,42,1
4470,23,1,1,32,1
4471,39,0,1,51,0
4472,4,1,0,55,0
4473,5,0,0,56,1
4474,4,1,0,57,1
4475,19,1,0,56,1
4476,11,1,0,46,1
4477,4,0,0,37,0
4478,11,1,0,31,1
4479,6,1,1,38,1
4480,4,0,0,57,0
4481,18,1,1,42,1
4482,17,1,0,54,1
4483,11,1,0,60,1
4484,42,0,0,29,0
4485,18,1,0,47,1
4486,4,0,0,54,1
4487,25,1,0,37,1
4488,14,1,0,29,1
4489,5,1,1,36,1
4490,29,1,0,58,1
4491,4,1,0,18,1
4492,13,1,1,20,1
4493,46,0,0,54,0
4494,21,1,0,35,1
4495,21,1,0,47,1
4496,29,1,1,51,1
4497,23,1,0,34,1
4498,31,1,0,56,1
4499,16,1,0,57,1
4500,33,1,0,29,1
4501,13,1,1,60,1
4502,16,0,0,30,0
4503,33,1,0,39,1
4504,33,1,0,53,1
4505,37,0,1,36,0
4506,12,1,1,24,1
4507,32,1,1,58,1
4508,9,1,0,59,1
4509,13,1,0,26,1
4510,4,0,0,23,0
4511,22,1,0,53,1
4512,24,1,1,50,1
4513,23,1,1,28,0
4514,4,0,1,27,1
4515,7,1,1,29,1
4516,36,0,0,50,0
4517,23,0,0,25,0
4518,4,1,0,44,0
4519,10,1,0,24,1
4520,44,1,1,38,0
4521,4,1,1,31,1
4522,26,1,0,38,1
4523,22,1,1,56,1
4524,25,1,0,44,1
4525,24,1,0,54,1
4526,22,1,1,19,1
4527,8,1,0,41,1
4528,35,0,0,30,0
4529,14,1,1,22,1
4530,33,1,0,44,1
4531,28,1,0,31,1
4532,37,0,0,18,0
4533,8,1,0,21,1
4534,26,1,0,39,1
4535,18,1,0,59,1
4536,17,0,0,21,1
4537,5,1,1,37,1
4538,12,1,1,32,1
4539,17,1,0,30,1
4540,5,1,1,18,1
4541,24,1,0,59,1
4542,27,1,0,45,1
4543,29,1,0,49,1
4544,26,1,0,52,1
4545,30,1,0,41,1
4546,8,1,1,40,1
4547,11,0,0,46,1
4548,16,0,1,40,0
4549,14,1,0,32,1
4550,24,1,0,36,1
4551,4,0,0,20,0
4552,14,1,0,57,1
4553,12,1,0,45,1
4554,10,0,1,38,0
4555,4,0,1,35,0
4556,4,1,0,40,1
4557,24,1,1,20,1
4558,29,1,0,30,1
4559,6,1,0,56,1
4560,21,1,0,53,1
4561,19,1,0,41,1
4562,27,1,1,39,1
4563,12,1,0,18,1
4564,48,1,0,44,0
4565,4,0,0,23,0
4566,30,1,1,51,1
4567,30,1,0,29,1
4568,8,0,1,59,1
4569,19,1,1,21,1
4570,37,0,1,33,0
4571,6,0,0,18,0
4572,9,1,1,23,1
4573,25,1,0,30,1
4574,8,1,1,25,0
4575,4,0,1,28,0
4576,14,1,1,42,0
4577,23,1,1,22,1
4578,30,1,0,19,1
4579,19,0,0,25,0
4580,35,0,0,58,0
4581,17,1,0,37,1
4582,8,1,1,20,1
4583,24,0,0,28,0
4584,18,1,0,58,1
4585,6,0,1,38,0
4586,15,1,0,56,1
4587,12,1,0,52,1
4588,22,1,0,30,1
4589,9,1,1,26,1
4590,26,1,0,54,1
4591,28,1,0,47,1
4592,25,1,0,18,1
4593,19,1,0,55,1
4594,33,1,0,35,1
4595,18,1,0,26,1
4596,11,1,0,56,1
4597,29,1,0,49,1
4598,13,1,0,30,1
4599,19,1,0,53,1
4600,18,1,1,60,1
4601,27,1,1,31,1
4602,9,1,0,48,1
4603,10,1,0,57,1
4604,30,0,1,38,0
4605,23,1,0,26,1
4606,10,1,0,59,1
4607,4,0,1,31,0
4608,18,1,0,33,1
4609,17,1,0,52,1
4610,14,1,1,56,1
4611,23,1,0,49,1
4612,7,0,1,53,0
4613,17,1,0,45,1
4614,26,1,0,23,1
4615,27,1,0,29,1
4616,25,1,0,30,1
4617,26,1,0,34,1
4618,31,1,0,48,1
4619,11,1,1,27,1
4620,4,0,1,27,0
4621,32,1,1,39,1
4622,27,1,0,31,1
4623,16,1,1,27,1
4624,4,0,1,34,0
4625,8,1,1,49,1
4626,22,1,0,19,1
4627,52,0,0,38,0
4628,32,1,0,27,1
4629,12,1,0,32,1
4630,11,1,1,39,1
4631,21,0,0,38,0
4632,16,1,1,29,1
4633,10,1,0,47,1
4634,8,1,0,32,1
4635,13,1,0,39,1
4636,15,1,1,58,1
4637,28,1,1,57,1
4638,50,0,0,25,0
4639,4,0,0,33,0
4640,17,1,0,48,1
4641,50,0,0,57,0
4642,8,1,1,25,1
4643,28,1,0,51,1
4644,4,0,0,44,0
4645,9,0,0,26,1
4646,30,1,0,58,1
4647,32,1,1,38,1
4648,21,1,1,47,1
4649,6,1,1,24,1
4650,15,1,1,58,1
4651,29,1,1,47,1
4652,8,1,0,33,1
4653,24,1,0,52,1
4654,4,0,0,23,0
4655,13,0,1,60,0
4656,30,1,1,25,0
4657,18,1,1,44,1
4658,20,1,1,19,1
4659,22,1,1,38,1
4660,28,1,1,45,1
4661,7,0,0,44,0
4662,49,0,1,27,0
4663,25,1,1,47,1
4664,32,0,0,32,0
4665,33,1,1,22,1
4666,18,1,0,54,1
4667,19,0,1,55,0
4668,8,1,1,38,1
4669,15,1,0,24,1
4670,11,1,1,58,1
4671,4,1,0,25,0
4672,10,1,0,28,1
4673,25,0,1,41,0
4674,5,1,0,55,1
4675,27,1,0,51,1
4676,21,1,1,45,1
4677,4,1,1,36,0
4678,14,1,1,54,1
4679,10,1,0,36,1
4680,8,1,0,47,1
4681,32,1,1,43,1
4682,4,0,0,50,0
4683,33,1,1,31,1
4684,12,0,0,25,1
4685,4,0,0,49,0
4686,11,1,1,18,1
4687,28,0,0,46,1
4688,27,1,1,28,1
4689,4,0,1,33,0
4690,26,1,0,29,1
4691,13,1,0,40,1
4692,4,0,1,34,0
4693,19,1,0,35,1
4694,18,1,1,56,1
4695,32,1,0,29,1
4696,18,1,0,19,1
4697,11,1,0,60,1
4698,10,1,1,48,1
4699,17,1,0,30,1
4700,31,1,0,43,1
4701,4,0,0,33,0
4702,7,1,0,57,1
4703,26,1,1,22,1
4704,18,1,0,52,1
4705,10,1,0,27,1
4706,11,1,1,43,1
4707,14,1,1,28,1
4708,4,1,0,45,0
4709,11,1,0,35,1
4710,17,1,1,43,1
4711,53,1,1,43,0
4712,14,1,0,50,1
4713,19,1,1,58,1
4714,4,0,0,25,0
4715,4,0,0,54,0
4716,16,1,0,59,1
4717,21,1,0,28,1
4718,31,1,0,36,1
4719,18,1,0,32,1
4720,12,1,1,24,1
4721,15,0,0,59,1
4722,23,0,0,33,0
4723,4,0,0,53,0
4724,17,1,0,40,1
4725,12,1,0,44,1
4726,22,1,1,30,1
4727,26,1,1,20,1
4728,29,1,0,55,1
4729,21,1,0,37,1
4730,18,1,0,20,1
4731,8,1,0,45,1
4732,11,1,1,24,1
4733,24,1,1,35,1
4734,38,1,0,51,0
4735,24,1,1,32,1
4736,4,1,0,43,1
4737,9,1,1,54,1
4738,5,1,0,18,1
4739,30,1,1,54,1
4740,21,1,0,50,1
4741,7,1,0,30,1
4742,17,1,0,25,1
4743,7,1,1,29,1
4744,8,1,0,49,1
4745,31,1,1,26,1
4746,10,1,0,46,1
4747,4,0,1,32,0
4748,11,0,0,53,0
4749,24,1,0,31,1
4750,22,1,0,30,1
4751,24,1,0,19,1
4752,30,1,0,48,1
4753,24,1,0,41,1
4754,30,1,0,42,1
4755,17,1,1,45,1
4756,37,0,1,58,0
4757,23,1,1,48,1
4758,33,1,0,32,0
4759,13,1,1,24,1
4760,15,1,1,32,1
4761,4,1,0,21,1
4762,21,0,1,38,0
4763,24,1,0,32,1
4764,21,1,0,30,1
4765,13,1,1,36,1
4766,32,1,0,28,1
4767,11,0,0,47,0
4768,9,1,0,55,1
4769,4,0,0,53,0
4770,6,1,0,58,1
4771,6,1,0,55,1
4772,24,1,0,38,1
4773,5,0,0,47,0
4774,8,1,0,47,1
4775,25,1,0,53,1
4776,31,1,0,32,1
4777,26,1,1,58,1
4778,21,1,1,25,1
4779,4,1,0,21,0
4780,8,1,0,54,0
4781,24,1,0,19,1
4782,18,1,0,24,1
4783,19,1,1,38,1
4784,8,1,0,40,1
4785,10,1,0,44,1
4786,18,1,0,53,1
4787,18,1,0,56,1
4788,26,1,0,43,1
4789,28,1,0,24,1
4790,12,0,0,23,0
4791,13,0,1,20,0
4792,47,0,1,54,0
4793,22,1,0,44,1
4794,18,1,0,25,1
4795,8,1,1,37,1
4796,11,1,0,55,1
4797,4,0,1,60,0
4798,32,0,0,26,1
4799,7,0,1,33,0
4800,25,1,1,46,1
4801,15,1,0,38,1
4802,8,1,1,38,1
4803,23,1,0,52,1
4804,16,0,0,19,0
4805,17,1,0,33,1
4806,30,1,0,43,1
4807,39,0,0,23,0
4808,21,1,0,21,1
4809,4,1,0,24,1
4810,33,1,0,40,1
4811,17,1,0,59,1
4812,15,1,1,38,1
4813,5,1,1,50,1
4814,4,0,0,32,0
4815,5,0,1,24,0
4816,26,1,1,20,1
4817,4,0,0,48,0
4818,14,1,1,20,1
4819,4,0,0,58,0
4820,4,1,0,55,0
4821,15,1,1,26,1
4822,17,1,1,33,1
4823,28,1,0,35,1
4824,23,1,0,41,1
4825,12,1,1,25,1
4826,37,0,0,32,0
4827,19,1,0,18,1
4828,32,1,1,54,1
4829,29,1,0,33,1
4830,6,1,1,23,1
4831,22,1,0,22,1
4832,28,1,0,53,1
4833,8,0,1,48,1
4834,37,0,0,40,0
4835,4,1,1,33,0
4836,17,1,0,59,1
4837,9,1,0,23,1
4838,22,1,0,27,1
4839,15,1,0,29,1
4840,24,1,1,32,1
4841,27,1,0,43,1
4842,24,1,0,46,1
4843,13,1,0,55,1
4844,17,1,0,23,1
4845,25,0,1,44,0
4846,30,1,1,42,1
4847,16,0,0,37,1
4848,7,1,0,47,1
4849,7,1,0,20,1
4850,11,1,0,47,1
4851,30,1,0,45,1
4852,4,1,0,36,1
4853,5,1,0,20,1
4854,7,1,1,58,1
4855,15,1,1,48,1
4856,23,1,0,48,1
4857,21,1,0,38,1
4858,19,1,1,49,1
4859,28,0,0,47,0
4860,32,1,0,20,1
4861,28,1,1,27,0
4862,17,1,0,48,1
4863,33,1,1,44,1
4864,31,1,1,36,1
4865,28,1,0,53,1
4866,49,1,0,32,0
4867,13,1,0,43,0
4868,33,1,0,57,1
4869,28,1,0,22,1
4870,24,1,1,38,1
4871,10,1,0,36,1
4872,29,1,0,53,1
4873,15,1,0,24,1
4874,29,1,0,45,1
4875,4,0,0,34,0
4876,5,0,1,21,0
4877,8,1,0,29,1
4878,5,1,1,51,1
4879,24,0,0,31,0
4880,11,0,1,27,1
4881,21,1,0,44,1
4882,8,1,1,43,1
4883,25,1,0,42,1
4884,11,1,0,59,1
4885,24,1,1,22,1
4886,26,1,0,49,1
4887,5,1,1,36,1
4888,26,1,0,19,1
4889,9,0,1,39,1
4890,30,1,0,44,1
4891,37,1,1,39,0
4892,19,1,1,30,1
4893,31,1,1,39,1
4894,21,1,1,50,1
4895,22,1,1,28,0
4896,16,1,0,25,1
4897,4,1,0,51,0
4898,9,1,0,42,1
4899,13,1,0,31,1
4900,28,1,0,53,1
4901,23,1,1,21,1
4902,30,1,0,51,1
4903,25,1,1,25,1
4904,21,1,1,19,1
4905,31,1,1,42,1
4906,5,0,1,39,0
4907,18,1,1,54,1
4908,33,1,1,47,1
4909,16,1,1,59,1
4910,4,0,0,19,0
4911,12,1,0,55,1
4912,17,1,1,39,1
4913,23,1,1,36,1
4914,26,1,0,19,1
4915,22,1,0,46,1
4916,16,1,0,45,1
4917,23,1,0,38,1
4918,32,1,0,50,1
4919,29,1,1,31,1
4920,23,1,0,43,1
4921,28,1,1,31,1
4922,11,1,0,57,1
4923,23,1,0,23,1
4924,38,0,0,39,0
4925,26,1,1,40,1
4926,23,1,1,38,1
4927,24,1,0,48,1
4928,12,1,0,28,1
4929,26,1,0,42,1
4930,24,1,0,36,1
4931,27,0,0,50,1
4932,31,1,1,21,1
4933,44,0,1,28,0
4934,21,1,1,31,1
4935,45,0,0,55,0
4936,16,0,1,30,0
4937,14,1,0,39,1
4938,11,1,1,43,1
4939,16,1,1,39,0
4940,17,1,1,47,1
4941,30,1,1,46,1
4942,4,0,1,56,0
4943,7,1,1,42,1
4944,22,1,1,34,1
4945,30,1,1,21,1
4946,11,1,1,18,0
4947,15,1,0,58,1
4948,7,1,0,31,1
4949,11,1,0,55,1
4950,28,1,0,39,1
4951,15,1,0,18,1
4952,11,1,0,47,1
4953,22,1,0,22,1
4954,4,0,0,38,0
4955,23,1,0,21,1
4956,7,1,1,35,1
4957,53,0,1,30,0
4958,43,0,0,47,0
4959,29,1,1,35,1
4960,13,1,1,36,1
4961,48,0,1,52,0
4962,19,1,0,24,1
4963,21,1,0,38,0
4964,26,1,0,30,1
4965,10,0,1,22,1
4966,32,1,0,38,1
4967,20,0,0,32,0
4968,9,1,1,46,1
4969,20,1,1,42,1
4970,20,1,0,59,1
4971,10,1,0,21,1
4972,24,1,1,56,1
4973,33,1,0,45,1
4974,10,1,1,58,1
4975,31,1,1,31,1
4976,4,0,0,53,0
4977,10,1,0,38,1
4978,5,1,0,55,1
4979,10,0,0,43,0
4980,24,1,0,37,1
4981,22,0,0,45,0
4982,30,1,0,39,1
4983,24,1,0,52,1
4984,27,1,1,20,1
4985,32,1,0,44,1
4986,32,1,0,52,1
4987,24,1,0,34,1
4988,18,1,0,25,1
4989,30,0,0,29,1
4990,46,0,0,45,0
4991,33,1,0,49,1
4992,9,0,0,31,0
4993,16,1,1,48,1
4994,21,1,1,44,0
4995,9,1,0,42,1
4996,5,1,0,59,1
4997,29,1,0,44,1
4998,20,1,0,46,1
4999,4,0,0,56,0
5000,33,1,1,39,1
